student_id,age,gender,department,year,attendance_percentage,study_hours_per_week,assignment_score,internal_exam_score,lab_score,previous_semester_gpa,extracurricular_hours,sleep_hours,internet_usage_hours,final_exam_score,performance_category
STU0001,24,Female,CSE,1,43.5,35.2,38.9,46.0,21.0,7.68,7.4,5.6,7.2,41.3,Needs Improvement
STU0002,21,Female,CSE,4,46.7,22.3,58.7,86.7,89.7,6.27,14.4,4.8,8.1,65.2,Average
STU0003,22,Male,CIVIL,2,71.0,9.3,54.3,31.6,55.7,3.15,11.1,8.9,4.7,40.0,Needs Improvement
STU0004,24,Male,IT,4,56.1,20.1,26.0,85.3,47.4,2.07,8.5,10.0,5.9,43.4,Needs Improvement
STU0005,20,Female,CSE,2,90.1,29.3,28.5,62.8,31.1,8.47,11.3,6.0,11.9,52.7,Needs Improvement
STU0006,22,Male,CIVIL,1,40.9,38.3,87.0,79.8,55.2,3.41,7.3,6.3,2.6,52.1,Needs Improvement
STU0007,22,Female,MECH,3,62.7,8.8,39.2,75.7,59.7,6.85,18.7,7.7,5.0,51.8,Needs Improvement
STU0008,24,Female,ECE,2,60.2,35.4,35.6,32.6,52.3,4.7,1.1,8.3,3.5,43.0,Needs Improvement
STU0009,19,Female,IT,1,41.2,37.4,60.4,63.3,74.3,6.68,13.5,6.4,9.2,47.9,Needs Improvement
STU0010,20,Female,ECE,4,47.5,36.7,81.5,88.8,53.7,4.53,17.8,9.4,9.2,59.1,Needs Improvement
STU0011,24,Male,IT,2,64.8,25.4,25.0,51.7,96.9,2.7,16.1,7.4,3.5,47.5,Needs Improvement
STU0012,20,Female,ECE,3,69.6,25.2,66.1,97.2,67.9,5.965,3.7,6.7,1.0,56.4,Needs Improvement
STU0013,20,Male,IT,4,64.3,16.1,29.5,53.4,84.6,3.5,5.9,7.9,0.1,41.1,Needs Improvement
STU0014,22,Female,ECE,4,71.9,30.1,22.9,27.1,28.7,5.42,14.3,9.7,5.1,35.0,Needs Improvement
STU0015,21,Male,ECE,1,75.7,21.3,24.2,48.1,51.8,7.27,1.7,8.8,4.9,57.4,Needs Improvement
STU0016,20,Female,ECE,2,40.6,27.1,86.7,95.9,46.9,4.11,16.2,4.2,11.9,48.4,Needs Improvement
STU0017,23,Male,ECE,4,67.8,17.1,29.4,42.2,65.6,5.965,14.4,6.0,5.6,37.3,Needs Improvement
STU0018,22,Male,MECH,3,97.8,29.3,23.6,88.8,88.9,6.15,14.6,6.8,3.1,59.8,Needs Improvement
STU0019,19,Female,CSE,2,71.1,19.75,55.0,89.9,26.3,6.85,2.0,5.9,10.7,53.9,Needs Improvement
STU0020,21,Female,EEE,3,80.7,5.9,87.5,44.8,25.8,9.7,14.4,8.2,5.9,54.9,Needs Improvement
STU0021,23,Female,CIVIL,4,58.7,33.3,41.0,22.1,88.0,6.72,13.6,9.0,7.2,42.7,Needs Improvement
STU0022,23,Female,EEE,3,86.4,21.6,53.7,76.6,37.0,5.77,16.6,8.4,1.1,59.4,Needs Improvement
STU0023,19,Male,EEE,1,86.4,33.8,23.2,41.5,73.5,6.59,0.8,9.9,4.6,46.4,Needs Improvement
STU0024,21,Female,IT,3,71.3,17.3,55.9,81.5,63.4,9.42,0.5,5.6,11.3,63.6,Average
STU0025,22,Male,CSE,2,98.6,15.2,66.2,52.6,86.6,8.63,7.5,9.2,7.1,64.1,Average
STU0026,18,Male,IT,3,47.5,19.75,65.7,56.2,30.0,4.58,3.0,8.6,4.1,50.3,Needs Improvement
STU0027,21,Female,CSE,3,41.0,10.0,46.6,81.1,30.4,3.9,11.2,6.2,7.5,36.6,Needs Improvement
STU0028,19,Male,CSE,1,69.55,33.8,45.2,47.5,64.5,4.1,18.3,8.4,10.9,51.0,Needs Improvement
STU0029,23,Male,ECE,3,88.4,19.4,28.5,52.7,95.7,6.04,7.8,4.6,3.3,51.3,Needs Improvement
STU0030,22,Male,MECH,3,47.2,20.6,49.3,47.0,53.2,5.965,16.9,8.7,6.1,62.9,Average
STU0031,21,Male,ECE,4,55.9,12.3,28.0,46.2,46.2,6.03,0.0,7.2,11.5,30.3,Needs Improvement
STU0032,18,Female,MECH,4,41.1,22.9,81.3,59.7,68.5,2.54,3.4,5.8,2.1,57.6,Needs Improvement
STU0033,18,Female,IT,2,57.6,13.0,97.3,83.7,94.4,7.79,0.6,7.9,8.6,65.7,Average
STU0034,20,Female,MECH,4,86.4,1.6,97.6,45.8,87.0,8.45,6.6,7.8,7.4,63.8,Average
STU0035,20,Female,IT,4,71.1,10.9,89.2,59.6,99.6,4.32,18.2,5.3,8.2,50.3,Needs Improvement
STU0036,24,Male,EEE,4,60.9,0.3,68.1,72.0,21.8,7.31,1.9,4.2,4.2,42.7,Needs Improvement
STU0037,19,Male,EEE,4,69.55,39.1,76.1,37.9,29.0,5.41,12.1,6.6,3.8,45.8,Needs Improvement
STU0038,21,Female,MECH,1,40.1,38.6,42.8,38.6,68.8,9.11,9.0,7.4,8.2,50.7,Needs Improvement
STU0039,21,Female,MECH,4,58.0,15.8,70.5,94.3,85.6,8.76,18.8,9.3,2.6,70.0,Average
STU0040,24,Female,IT,1,78.8,29.1,56.5,76.5,42.8,6.2,2.5,9.6,5.0,62.3,Average
STU0041,23,Male,ECE,1,98.5,13.8,58.6,64.1,39.1,7.53,4.2,7.2,2.3,59.1,Needs Improvement
STU0042,23,Female,IT,4,90.8,26.8,59.0,70.1,83.0,9.07,0.6,8.5,0.1,74.1,Average
STU0043,24,Female,ECE,3,41.4,32.2,42.6,17.5,24.5,5.97,8.7,6.6,11.6,36.0,Needs Improvement
STU0044,23,Female,EEE,1,93.9,37.9,45.4,67.5,49.6,4.51,5.6,8.5,5.2,43.8,Needs Improvement
STU0045,20,Male,CSE,3,87.0,16.0,94.0,58.3,60.5,5.965,17.4,5.2,11.6,52.2,Needs Improvement
STU0046,21,Male,MECH,3,86.8,19.75,24.5,61.4,64.8,3.76,12.1,6.2,1.7,39.4,Needs Improvement
STU0047,24,Male,ECE,4,67.5,10.6,58.9,45.6,78.3,5.11,12.3,7.8,7.0,45.0,Needs Improvement
STU0048,21,Male,IT,2,63.9,39.6,93.0,21.9,48.4,8.93,10.6,4.1,2.4,49.6,Needs Improvement
STU0049,18,Male,EEE,4,58.2,1.0,68.8,31.4,69.0,7.8,1.8,8.3,9.5,44.7,Needs Improvement
STU0050,20,Male,ECE,2,43.9,24.1,63.7,95.8,66.8,5.23,8.9,9.0,9.4,47.5,Needs Improvement
STU0051,22,Male,IT,2,53.7,19.75,40.0,49.7,63.8,3.72,20.0,6.4,1.4,44.8,Needs Improvement
STU0052,20,Male,MECH,4,54.8,27.5,47.5,54.7,71.2,4.85,16.7,6.7,10.9,46.8,Needs Improvement
STU0053,24,Female,MECH,4,69.0,4.8,88.2,19.5,40.8,4.27,17.9,9.1,2.3,40.8,Needs Improvement
STU0054,22,Female,CIVIL,2,84.8,37.5,64.7,18.2,26.8,3.41,16.5,8.7,7.4,30.1,Needs Improvement
STU0055,18,Male,CSE,4,68.4,7.2,61.2,76.0,29.5,7.95,2.1,5.7,11.8,50.8,Needs Improvement
STU0056,24,Male,CIVIL,2,43.5,19.75,28.0,60.7,38.0,4.02,4.5,5.9,10.6,37.1,Needs Improvement
STU0057,19,Female,EEE,3,97.5,8.9,21.3,58.2,60.0,5.63,0.1,8.1,11.5,48.7,Needs Improvement
STU0058,21,Male,ECE,4,96.6,12.3,97.1,35.7,87.2,5.09,6.1,7.4,4.1,65.2,Average
STU0059,18,Male,EEE,3,87.1,21.9,50.2,78.3,76.1,9.86,2.2,5.0,1.3,74.2,Average
STU0060,21,Male,IT,1,99.5,16.7,68.3,29.3,83.1,5.13,9.5,5.9,2.3,52.8,Needs Improvement
STU0061,23,Female,MECH,3,72.7,6.4,26.4,31.1,48.1,2.64,13.5,9.4,6.0,29.6,Needs Improvement
STU0062,19,Female,CIVIL,3,97.8,6.8,74.6,54.2,52.4,2.72,17.5,8.1,9.5,40.7,Needs Improvement
STU0063,19,Female,CIVIL,2,44.5,16.7,94.6,39.3,51.5,6.73,15.0,9.9,1.8,60.1,Average
STU0064,18,Female,CIVIL,3,61.9,30.3,66.1,36.0,35.3,6.79,18.8,8.6,7.9,49.1,Needs Improvement
STU0065,19,Female,EEE,4,53.5,35.9,30.1,69.8,24.9,5.35,1.1,9.7,3.9,49.3,Needs Improvement
STU0066,22,Male,MECH,2,51.7,3.4,66.5,70.3,67.3,5.45,0.2,5.3,4.1,46.7,Needs Improvement
STU0067,19,Female,ECE,1,48.4,15.7,81.3,85.1,99.1,2.43,13.2,8.6,7.9,44.9,Needs Improvement
STU0068,21,Male,IT,4,77.3,4.0,52.5,50.5,33.3,6.13,5.8,4.1,5.6,42.5,Needs Improvement
STU0069,21,Male,ECE,1,86.9,0.7,90.4,21.2,23.7,6.04,5.1,8.0,9.7,42.4,Needs Improvement
STU0070,24,Female,EEE,3,69.55,26.5,71.9,38.3,82.4,3.2,6.6,6.8,1.9,49.1,Needs Improvement
STU0071,21,Female,IT,4,48.8,24.1,91.9,98.3,40.2,2.83,5.4,6.1,9.5,46.4,Needs Improvement
STU0072,24,Male,CIVIL,4,88.7,6.5,69.9,65.7,86.4,2.99,10.2,9.2,0.8,52.6,Needs Improvement
STU0073,21,Male,CSE,1,78.2,9.4,59.0,75.3,76.3,2.81,8.8,9.1,2.3,51.3,Needs Improvement
STU0074,22,Male,EEE,4,63.3,0.9,44.8,15.6,95.7,6.88,10.2,4.1,7.9,33.7,Needs Improvement
STU0075,24,Female,EEE,4,80.4,33.4,36.1,59.0,52.7,3.57,13.5,7.7,10.3,32.5,Needs Improvement
STU0076,20,Female,MECH,4,55.6,39.0,92.7,18.2,73.0,4.01,7.7,6.2,3.0,53.9,Needs Improvement
STU0077,23,Female,ECE,3,60.7,5.4,80.8,63.4,57.2,3.39,5.0,6.5,3.9,38.9,Needs Improvement
STU0078,18,Female,EEE,1,95.0,9.3,74.1,93.3,70.4,9.66,3.3,9.0,6.4,70.1,Average
STU0079,21,Female,EEE,4,57.4,34.7,44.1,97.3,56.0,8.84,7.0,5.9,2.5,67.7,Average
STU0080,19,Male,CIVIL,2,68.2,37.1,34.7,60.9,35.1,3.84,14.8,9.7,9.7,41.8,Needs Improvement
STU0081,21,Female,CIVIL,2,93.4,16.8,80.5,53.9,60.6,4.62,15.1,5.1,9.3,50.6,Needs Improvement
STU0082,19,Male,IT,2,82.5,2.0,57.9,95.3,62.3,3.68,13.3,8.0,1.7,53.6,Needs Improvement
STU0083,23,Male,CSE,2,43.7,1.6,38.1,72.3,84.8,5.94,4.7,8.0,5.6,60.3,Average
STU0084,23,Male,MECH,3,48.8,23.0,69.3,20.5,78.8,2.16,11.8,5.5,9.3,43.5,Needs Improvement
STU0085,23,Female,CSE,4,40.5,15.7,23.2,54.6,73.1,7.37,11.4,5.9,4.0,43.0,Needs Improvement
STU0086,19,Female,IT,1,77.9,1.1,46.1,35.4,29.1,6.19,9.7,9.0,7.6,46.1,Needs Improvement
STU0087,21,Female,CIVIL,4,66.9,23.3,57.5,54.9,77.6,9.19,11.0,8.6,0.6,65.6,Average
STU0088,23,Male,ECE,3,48.1,0.5,31.8,53.7,60.0,3.32,9.8,6.0,7.3,33.4,Needs Improvement
STU0089,22,Male,CIVIL,2,97.5,31.5,98.8,64.5,91.5,8.43,11.3,7.2,1.8,70.0,Average
STU0090,24,Male,MECH,3,71.8,12.3,36.7,45.3,93.6,8.34,14.3,4.4,10.0,53.9,Needs Improvement
STU0091,19,Male,CIVIL,4,54.5,1.6,30.4,29.0,24.4,5.965,2.2,5.3,4.3,24.9,Needs Improvement
STU0092,19,Male,MECH,1,70.0,23.5,36.3,57.8,85.7,5.19,15.0,6.9,3.4,48.1,Needs Improvement
STU0093,21,Male,MECH,3,80.8,15.9,81.5,85.6,23.0,3.36,2.7,4.5,10.1,43.9,Needs Improvement
STU0094,19,Female,MECH,1,44.6,39.0,54.0,71.4,49.4,4.04,1.3,9.1,0.6,54.7,Needs Improvement
STU0095,19,Female,IT,3,56.5,21.8,65.2,43.8,63.4,4.11,19.5,8.3,4.8,41.1,Needs Improvement
STU0096,23,Female,MECH,1,88.4,11.0,21.7,94.5,31.8,6.45,19.1,9.7,4.4,49.2,Needs Improvement
STU0097,21,Female,MECH,1,67.6,28.4,22.8,92.5,79.7,5.29,1.2,8.2,3.4,58.6,Needs Improvement
STU0098,23,Male,ECE,2,72.8,10.9,55.7,32.8,20.7,9.58,8.9,9.6,10.9,48.4,Needs Improvement
STU0099,24,Male,CSE,1,66.0,36.2,85.3,18.4,33.5,3.01,3.7,7.3,9.0,38.3,Needs Improvement
STU0100,24,Female,EEE,2,42.6,15.0,90.8,78.0,66.5,9.79,9.7,7.6,0.8,73.3,Average
STU0101,23,Male,CSE,4,49.9,22.0,26.9,85.3,77.2,3.85,16.6,9.9,8.6,52.1,Needs Improvement
STU0102,24,Female,MECH,4,66.7,2.0,63.1,97.3,93.3,8.18,19.0,7.9,6.3,54.3,Needs Improvement
STU0103,21,Female,ECE,2,52.6,17.0,93.1,90.6,76.4,4.71,12.7,4.2,10.8,54.8,Needs Improvement
STU0104,18,Female,CIVIL,2,43.0,33.3,51.0,66.0,73.7,3.14,7.1,8.3,3.8,38.8,Needs Improvement
STU0105,23,Male,ECE,3,90.6,32.2,86.4,60.1,51.5,8.86,12.1,9.4,6.9,64.9,Average
STU0106,22,Female,MECH,3,98.9,9.0,30.7,17.4,20.1,4.47,6.2,8.8,6.0,34.3,Needs Improvement
STU0107,22,Female,ECE,3,87.6,9.0,94.8,36.0,29.6,7.27,18.2,7.5,5.9,51.8,Needs Improvement
STU0108,19,Female,ECE,4,91.2,32.7,80.1,54.1,62.8,6.53,17.4,8.0,5.5,55.3,Needs Improvement
STU0109,24,Male,MECH,3,54.5,37.2,95.3,68.4,74.0,5.77,11.2,9.9,2.5,57.1,Needs Improvement
STU0110,22,Male,IT,1,97.6,3.8,74.1,62.4,53.4,5.97,6.5,4.5,9.1,56.2,Needs Improvement
STU0111,19,Female,ECE,1,51.8,18.0,49.1,78.1,78.5,7.86,5.9,8.0,5.4,65.8,Average
STU0112,18,Male,EEE,3,97.1,13.5,95.1,38.8,61.7,2.7,0.7,5.7,11.5,34.7,Needs Improvement
STU0113,21,Male,EEE,1,99.7,34.8,42.0,63.0,25.9,7.35,16.3,7.8,3.1,55.3,Needs Improvement
STU0114,21,Male,ECE,4,82.7,3.3,46.6,22.5,35.4,9.17,9.0,7.6,8.2,50.6,Needs Improvement
STU0115,21,Male,IT,1,98.9,8.4,76.1,50.2,87.2,2.46,6.5,4.9,11.3,45.2,Needs Improvement
STU0116,22,Male,CIVIL,4,74.2,30.1,81.2,78.8,78.0,3.13,9.4,5.2,8.0,48.2,Needs Improvement
STU0117,18,Male,MECH,2,55.6,2.1,59.0,73.9,91.6,7.73,16.4,7.7,10.5,58.7,Needs Improvement
STU0118,22,Male,EEE,2,66.2,19.7,36.4,99.2,29.4,5.5,2.5,4.8,9.9,49.9,Needs Improvement
STU0119,24,Male,CIVIL,2,75.6,17.7,83.8,38.6,99.2,5.23,17.2,5.6,4.3,52.7,Needs Improvement
STU0120,22,Male,ECE,2,44.4,13.4,79.1,57.3,36.8,3.1,18.0,9.0,7.2,40.5,Needs Improvement
STU0121,18,Male,CIVIL,1,77.3,15.8,25.1,43.0,20.9,6.05,18.9,6.0,1.9,41.3,Needs Improvement
STU0122,18,Female,CSE,3,98.9,21.2,51.0,52.5,99.8,3.01,7.9,6.9,6.4,46.5,Needs Improvement
STU0123,24,Female,EEE,1,51.4,6.5,42.6,87.8,42.5,5.81,4.3,9.6,2.8,54.0,Needs Improvement
STU0124,18,Male,ECE,4,87.6,22.9,44.4,73.2,73.4,8.11,7.5,5.4,8.9,57.1,Needs Improvement
STU0125,18,Female,MECH,1,94.5,32.2,98.6,90.0,34.1,4.07,6.7,6.3,6.3,55.1,Needs Improvement
STU0126,21,Female,IT,1,96.6,30.4,59.0,32.3,66.4,5.85,3.5,7.6,4.9,65.4,Average
STU0127,24,Male,ECE,4,97.6,6.2,77.4,89.2,92.3,9.94,12.1,8.5,3.2,75.3,Good
STU0128,20,Male,MECH,2,71.3,6.0,98.1,20.1,45.6,7.49,9.5,9.4,12.0,36.1,Needs Improvement
STU0129,20,Male,IT,2,98.6,10.7,50.2,90.5,73.6,8.73,17.3,9.5,0.9,75.2,Good
STU0130,18,Female,IT,2,85.4,14.4,84.1,43.0,35.0,5.32,0.6,8.7,0.5,58.2,Needs Improvement
STU0131,20,Female,ECE,3,49.7,16.3,54.8,41.7,70.0,8.14,12.9,5.4,2.6,54.4,Needs Improvement
STU0132,20,Male,CIVIL,4,68.6,27.2,89.6,58.5,46.9,2.32,15.3,4.1,11.7,46.5,Needs Improvement
STU0133,18,Male,CIVIL,4,83.1,2.3,34.5,95.0,36.9,2.98,15.2,6.3,11.8,51.7,Needs Improvement
STU0134,20,Male,IT,1,54.8,1.4,95.8,19.1,45.1,3.62,17.7,4.8,7.9,31.6,Needs Improvement
STU0135,22,Female,CIVIL,3,78.4,15.7,37.5,44.9,34.3,5.22,14.6,8.3,10.6,40.9,Needs Improvement
STU0136,19,Female,CSE,2,80.0,27.9,46.1,87.8,92.2,8.77,18.6,8.0,2.6,78.9,Good
STU0137,24,Female,IT,3,49.8,7.7,80.5,48.7,51.8,4.77,6.7,4.3,11.7,52.6,Needs Improvement
STU0138,19,Female,IT,4,73.9,25.7,51.5,31.9,39.6,7.24,10.1,9.0,1.7,48.4,Needs Improvement
STU0139,18,Male,MECH,4,86.3,10.4,68.7,51.1,55.9,7.67,0.3,5.5,1.2,67.4,Average
STU0140,21,Male,CIVIL,1,69.9,35.4,55.6,47.8,45.6,6.69,0.1,6.6,1.3,57.4,Needs Improvement
STU0141,24,Male,IT,1,40.7,35.8,79.4,92.8,79.6,4.86,4.8,8.0,6.9,66.1,Average
STU0142,18,Male,CSE,4,40.5,19.75,38.3,79.8,97.7,6.62,2.0,6.6,9.4,55.1,Needs Improvement
STU0143,21,Female,MECH,2,61.4,9.2,24.7,57.9,55.0,4.74,5.2,6.6,4.4,42.0,Needs Improvement
STU0144,19,Female,ECE,2,95.6,16.5,44.0,99.0,88.9,2.67,3.5,4.4,11.7,61.6,Average
STU0145,18,Male,IT,3,53.7,9.6,57.9,54.5,65.3,5.965,0.6,6.4,5.2,55.0,Needs Improvement
STU0146,24,Male,CSE,4,78.1,26.9,33.4,20.0,32.6,3.02,18.2,8.6,1.8,44.2,Needs Improvement
STU0147,24,Female,EEE,4,53.3,33.0,48.4,37.3,75.2,2.58,0.2,9.5,5.6,50.2,Needs Improvement
STU0148,23,Male,CSE,2,59.3,26.9,52.0,52.1,61.1,9.03,14.7,6.5,8.1,62.5,Average
STU0149,22,Female,CSE,2,90.9,33.0,24.6,28.3,72.0,4.41,3.0,6.5,10.0,40.5,Needs Improvement
STU0150,20,Male,MECH,4,83.7,15.9,66.7,95.5,91.2,7.2,18.2,8.2,5.5,68.2,Average
STU0151,21,Male,ECE,1,45.7,6.3,90.7,80.2,55.2,4.63,17.9,9.7,7.1,45.3,Needs Improvement
STU0152,23,Male,EEE,4,65.7,29.5,32.1,37.8,92.1,5.13,13.1,5.6,3.2,44.1,Needs Improvement
STU0153,20,Male,CIVIL,4,41.8,14.4,67.8,65.2,80.1,4.1,13.4,6.6,7.8,49.3,Needs Improvement
STU0154,20,Male,CIVIL,2,68.9,26.9,73.2,76.3,59.1,4.74,0.1,8.8,11.8,45.6,Needs Improvement
STU0155,18,Male,CSE,2,79.7,10.8,53.5,95.0,68.3,5.29,19.7,7.7,0.6,56.9,Needs Improvement
STU0156,20,Male,MECH,1,47.1,3.2,76.1,89.9,46.0,7.76,17.6,4.7,10.6,64.6,Average
STU0157,22,Female,MECH,1,57.3,39.7,52.9,58.8,98.7,6.09,17.9,7.8,6.7,55.3,Needs Improvement
STU0158,24,Female,CIVIL,3,63.9,6.2,60.4,80.8,73.4,9.55,13.2,5.1,3.0,68.9,Average
STU0159,23,Female,EEE,4,95.2,39.5,20.6,62.8,23.5,2.34,6.9,7.1,11.5,40.3,Needs Improvement
STU0160,20,Female,ECE,2,99.6,39.1,75.3,62.0,46.1,6.02,17.9,7.2,5.8,58.2,Needs Improvement
STU0161,18,Female,EEE,1,42.7,31.8,72.9,24.8,69.9,6.67,5.8,9.3,4.0,49.4,Needs Improvement
STU0162,22,Male,IT,3,85.7,26.4,23.1,25.7,24.5,9.36,11.3,6.8,2.2,50.2,Needs Improvement
STU0163,19,Male,IT,3,62.3,23.1,49.5,60.0,21.9,2.39,2.0,5.7,2.9,27.6,Needs Improvement
STU0164,24,Female,ECE,2,63.5,34.6,98.3,37.9,56.0,6.59,18.4,5.4,10.0,58.8,Needs Improvement
STU0165,24,Male,CIVIL,2,85.3,11.6,53.7,16.8,46.6,8.83,2.8,9.2,7.4,49.0,Needs Improvement
STU0166,23,Female,ECE,3,95.1,18.7,60.2,76.4,55.1,3.94,4.5,5.0,11.0,54.4,Needs Improvement
STU0167,24,Female,MECH,1,97.1,24.8,92.8,17.8,41.0,9.01,11.2,6.6,2.8,61.9,Average
STU0168,20,Male,IT,3,74.6,16.4,77.4,65.6,33.2,2.15,15.3,5.1,1.5,43.6,Needs Improvement
STU0169,18,Male,CSE,4,61.4,17.1,66.6,60.8,75.1,7.86,12.4,8.6,0.1,61.6,Average
STU0170,24,Male,CSE,4,87.3,13.2,83.8,97.3,61.2,9.46,4.6,6.8,6.1,72.9,Average
STU0171,24,Female,CIVIL,2,55.1,19.75,89.1,56.2,36.0,7.26,0.0,6.1,12.0,59.6,Needs Improvement
STU0172,19,Male,MECH,1,73.8,34.0,56.6,20.4,45.6,5.51,15.1,6.2,8.3,43.3,Needs Improvement
STU0173,19,Female,EEE,1,61.5,8.1,59.0,61.9,67.3,2.36,19.7,9.1,3.7,43.8,Needs Improvement
STU0174,21,Female,MECH,4,79.4,37.4,50.9,86.5,25.8,9.36,16.2,7.3,10.5,56.0,Needs Improvement
STU0175,22,Female,CSE,3,54.4,27.6,59.0,99.7,31.8,5.76,9.2,8.3,9.4,59.3,Needs Improvement
STU0176,20,Male,CSE,2,51.5,32.9,75.8,51.6,25.9,2.23,18.1,9.4,0.2,49.9,Needs Improvement
STU0177,24,Male,IT,3,95.1,22.2,26.7,42.2,85.0,7.52,8.2,9.4,9.8,54.7,Needs Improvement
STU0178,24,Female,MECH,3,46.1,31.2,89.0,92.1,80.2,5.965,10.5,6.0,3.6,57.7,Needs Improvement
STU0179,18,Male,MECH,3,70.4,0.6,58.4,31.3,80.3,2.99,9.5,9.7,1.8,35.8,Needs Improvement
STU0180,21,Male,CSE,1,53.3,32.7,25.5,67.3,77.3,3.71,9.0,4.1,2.7,40.7,Needs Improvement
STU0181,22,Male,EEE,4,42.3,1.6,64.0,49.5,73.6,2.52,15.5,6.3,5.6,42.1,Needs Improvement
STU0182,21,Female,CIVIL,1,42.2,35.6,53.4,18.5,58.2,6.59,10.5,9.4,5.1,49.2,Needs Improvement
STU0183,23,Female,CIVIL,4,50.5,39.7,90.2,44.5,71.4,6.98,6.3,5.6,3.5,41.2,Needs Improvement
STU0184,22,Male,MECH,2,92.0,11.8,36.3,37.5,23.1,6.05,5.2,5.6,2.1,42.9,Needs Improvement
STU0185,24,Female,CIVIL,2,56.9,8.4,86.1,73.3,69.7,5.965,0.8,5.8,9.1,61.4,Average
STU0186,24,Male,CSE,3,97.0,30.6,64.6,95.6,82.2,8.89,11.7,7.7,11.9,66.3,Average
STU0187,22,Male,CSE,4,74.9,10.1,24.4,37.8,60.0,6.92,4.6,6.6,9.3,40.6,Needs Improvement
STU0188,24,Male,MECH,4,66.2,34.6,97.7,84.0,48.6,2.1,3.0,8.4,3.6,60.8,Average
STU0189,20,Male,MECH,4,74.8,4.1,61.0,19.7,42.2,7.56,13.1,9.4,2.9,49.1,Needs Improvement
STU0190,22,Female,IT,3,71.0,5.0,43.3,60.7,71.4,5.34,13.6,8.0,2.6,46.0,Needs Improvement
STU0191,21,Female,MECH,3,85.5,39.2,57.6,21.0,75.4,6.52,15.0,5.2,1.6,52.4,Needs Improvement
STU0192,22,Female,EEE,2,56.9,27.0,88.6,94.4,89.7,7.19,10.1,9.6,6.6,67.2,Average
STU0193,24,Male,CIVIL,1,61.2,33.9,44.4,80.1,47.4,4.8,17.9,5.6,7.3,50.4,Needs Improvement
STU0194,20,Male,MECH,4,93.6,13.0,59.0,70.9,81.6,9.34,18.7,4.9,8.5,53.7,Needs Improvement
STU0195,20,Male,ECE,4,96.8,27.1,30.3,85.0,64.9,3.07,16.1,4.5,8.2,44.4,Needs Improvement
STU0196,23,Female,IT,1,93.6,23.8,43.8,70.0,90.6,7.37,12.7,7.4,3.5,67.5,Average
STU0197,21,Male,ECE,4,65.2,24.1,82.4,97.4,62.2,2.03,6.1,4.7,4.0,52.1,Needs Improvement
STU0198,19,Female,CSE,3,86.8,27.3,59.0,75.7,61.4,9.4,19.7,4.8,8.2,60.3,Average
STU0199,19,Female,CIVIL,3,68.6,23.0,38.2,93.6,66.2,2.9,5.5,5.8,4.2,44.1,Needs Improvement
STU0200,22,Female,MECH,4,69.9,17.2,33.3,59.0,79.9,2.76,4.1,5.7,2.6,45.7,Needs Improvement
STU0201,23,Female,ECE,3,52.3,11.0,46.6,25.0,97.2,4.66,8.8,7.6,4.5,38.7,Needs Improvement
STU0202,18,Female,CIVIL,3,75.5,30.7,95.2,59.9,25.9,4.99,1.1,8.9,3.3,57.7,Needs Improvement
STU0203,22,Female,CSE,4,51.2,9.1,47.4,25.8,24.3,3.71,19.6,8.6,1.1,30.0,Needs Improvement
STU0204,23,Male,EEE,2,59.9,27.7,99.0,65.4,95.0,6.68,11.8,5.6,10.0,56.2,Needs Improvement
STU0205,21,Male,IT,1,91.3,9.3,58.8,56.0,62.4,5.54,11.1,5.5,10.2,50.1,Needs Improvement
STU0206,21,Female,CIVIL,3,52.4,25.0,59.0,67.9,69.2,2.27,13.1,9.8,2.6,41.4,Needs Improvement
STU0207,21,Female,CIVIL,2,44.3,29.9,91.3,15.9,58.6,4.56,9.9,4.0,0.8,47.9,Needs Improvement
STU0208,21,Male,EEE,3,44.1,8.7,56.8,31.6,27.5,8.48,0.6,9.3,8.9,48.4,Needs Improvement
STU0209,21,Female,CIVIL,3,96.4,2.4,76.8,56.8,81.4,7.52,12.2,5.2,2.5,59.4,Needs Improvement
STU0210,23,Female,CSE,1,70.4,5.2,98.7,95.8,79.8,7.8,14.3,9.7,4.7,71.5,Average
STU0211,23,Male,CSE,3,64.6,24.2,24.0,47.6,44.9,7.58,8.3,6.1,0.8,46.6,Needs Improvement
STU0212,20,Female,EEE,1,88.7,34.0,27.7,51.1,44.5,4.49,15.1,6.6,2.7,48.8,Needs Improvement
STU0213,19,Female,IT,1,90.1,1.8,77.6,75.7,87.0,2.8,4.5,8.2,9.5,51.9,Needs Improvement
STU0214,24,Female,MECH,1,59.9,29.4,42.5,66.3,25.8,4.18,4.4,7.5,9.7,38.2,Needs Improvement
STU0215,21,Male,ECE,2,81.6,13.7,34.7,40.4,90.5,8.65,3.2,5.9,2.5,52.2,Needs Improvement
STU0216,18,Male,MECH,4,86.3,19.1,23.1,49.9,40.5,9.84,7.4,7.3,4.0,56.3,Needs Improvement
STU0217,24,Male,CIVIL,2,79.3,37.2,59.0,33.5,67.4,5.95,16.9,8.4,1.6,53.7,Needs Improvement
STU0218,23,Female,ECE,4,49.1,13.3,82.0,97.1,94.9,2.08,16.6,4.3,0.9,57.8,Needs Improvement
STU0219,18,Female,EEE,4,92.6,18.6,30.8,26.1,74.2,3.12,7.7,4.1,11.9,30.2,Needs Improvement
STU0220,18,Male,EEE,1,72.3,0.5,57.4,46.6,53.2,4.58,11.8,6.7,7.9,37.2,Needs Improvement
STU0221,18,Female,IT,3,69.55,3.3,68.5,17.2,75.2,6.63,14.4,4.8,6.5,40.2,Needs Improvement
STU0222,20,Female,ECE,1,65.5,10.3,59.0,33.9,47.5,2.6,4.8,8.0,9.2,30.6,Needs Improvement
STU0223,23,Female,CSE,3,42.3,1.1,22.2,81.3,42.2,9.55,3.4,5.3,10.1,39.8,Needs Improvement
STU0224,18,Female,ECE,4,47.7,25.3,82.7,32.1,99.7,4.92,19.4,6.6,9.7,52.0,Needs Improvement
STU0225,21,Female,CIVIL,1,85.9,17.1,20.8,21.8,80.1,9.3,12.4,5.2,0.2,50.4,Needs Improvement
STU0226,22,Male,CSE,3,40.0,21.9,81.0,55.3,71.6,8.24,19.6,7.3,2.2,61.6,Average
STU0227,18,Female,EEE,2,65.0,7.0,91.5,15.8,48.4,8.04,6.8,4.7,7.9,47.0,Needs Improvement
STU0228,20,Male,ECE,3,71.4,11.8,54.6,22.2,23.9,6.85,14.1,4.1,4.5,41.4,Needs Improvement
STU0229,24,Female,MECH,1,43.3,26.6,62.8,83.6,22.5,7.01,4.5,4.3,11.8,46.6,Needs Improvement
STU0230,23,Male,IT,2,98.4,38.6,58.2,80.6,64.3,7.1,5.2,9.7,8.0,64.6,Average
STU0231,20,Female,MECH,3,53.6,2.0,51.1,92.8,81.0,7.03,10.2,4.9,11.5,49.3,Needs Improvement
STU0232,18,Male,IT,3,58.3,35.6,91.0,87.6,63.0,6.43,6.4,8.3,2.4,65.6,Average
STU0233,23,Female,CIVIL,3,58.2,23.1,91.5,73.1,87.3,9.89,3.4,4.4,10.4,75.2,Good
STU0234,22,Male,MECH,3,69.55,19.75,46.9,19.4,22.7,7.86,5.3,4.6,3.9,44.7,Needs Improvement
STU0235,18,Female,ECE,3,40.1,20.0,69.2,81.5,49.3,8.22,0.7,7.1,11.9,57.2,Needs Improvement
STU0236,20,Male,ECE,2,83.8,2.8,94.2,86.9,39.0,8.98,14.1,6.8,1.9,61.3,Average
STU0237,19,Female,MECH,4,98.0,3.6,97.0,82.9,55.8,3.73,9.8,9.7,6.2,59.9,Needs Improvement
STU0238,21,Male,ECE,2,53.5,24.0,60.7,58.2,25.8,2.67,1.9,9.7,9.5,41.3,Needs Improvement
STU0239,24,Male,CIVIL,2,79.8,13.6,56.2,34.8,96.3,5.86,3.4,8.7,5.2,52.5,Needs Improvement
STU0240,20,Female,CSE,2,84.5,36.7,42.3,86.9,37.9,6.11,2.1,7.6,5.6,57.8,Needs Improvement
STU0241,23,Female,CIVIL,4,90.9,16.3,96.7,76.8,93.8,8.63,12.3,6.7,11.8,69.2,Average
STU0242,18,Male,IT,1,65.4,5.7,31.4,98.4,54.1,5.55,1.9,6.1,5.1,53.4,Needs Improvement
STU0243,21,Female,CIVIL,4,58.2,28.6,66.4,28.2,98.8,6.57,15.1,9.7,7.2,59.6,Needs Improvement
STU0244,18,Male,IT,2,59.5,11.7,42.6,34.2,64.3,6.22,0.4,7.6,0.7,47.1,Needs Improvement
STU0245,23,Male,ECE,3,82.8,21.0,42.3,33.0,94.5,2.31,5.0,7.5,10.1,33.9,Needs Improvement
STU0246,18,Male,CSE,3,89.0,27.9,59.0,82.4,20.4,6.92,17.8,5.4,7.8,50.9,Needs Improvement
STU0247,19,Female,ECE,2,50.9,36.0,99.9,30.9,79.9,8.62,14.4,4.3,4.8,64.6,Average
STU0248,21,Male,EEE,3,62.3,19.75,24.4,20.7,92.2,3.26,1.5,9.7,0.2,35.0,Needs Improvement
STU0249,21,Male,ECE,2,94.1,27.1,66.3,99.9,31.2,6.75,16.4,5.9,7.1,63.2,Average
STU0250,23,Female,IT,3,88.4,27.2,26.6,17.1,27.7,6.75,9.9,6.7,0.2,41.6,Needs Improvement
STU0251,24,Female,ECE,4,99.1,37.8,32.4,86.0,54.0,3.31,16.9,4.7,0.0,47.6,Needs Improvement
STU0252,19,Female,ECE,1,85.3,11.8,55.2,46.1,94.7,2.99,12.0,9.0,7.4,49.4,Needs Improvement
STU0253,20,Female,CSE,1,63.6,0.0,60.8,86.5,63.4,9.84,13.6,4.2,2.3,67.1,Average
STU0254,18,Male,ECE,4,75.4,10.9,40.7,62.1,62.2,5.15,19.9,9.0,2.3,42.1,Needs Improvement
STU0255,22,Male,CSE,4,79.7,8.7,45.3,91.6,31.3,3.82,4.6,4.8,7.8,47.6,Needs Improvement
STU0256,18,Male,MECH,2,44.7,26.5,27.0,93.7,20.1,3.37,12.5,9.3,0.6,44.9,Needs Improvement
STU0257,18,Male,EEE,2,72.7,25.3,44.3,15.8,84.8,5.965,9.2,8.4,3.8,54.0,Needs Improvement
STU0258,20,Female,CSE,2,82.6,23.7,97.3,21.4,27.0,6.88,0.8,5.0,1.8,53.4,Needs Improvement
STU0259,18,Male,IT,3,50.0,0.6,95.6,36.3,70.7,7.15,0.3,7.4,7.0,58.5,Needs Improvement
STU0260,19,Male,MECH,2,86.8,29.2,46.8,71.9,93.2,2.7,2.4,5.9,7.9,48.8,Needs Improvement
STU0261,19,Female,CSE,4,75.0,12.9,65.7,90.5,36.7,9.15,13.0,5.1,8.7,60.3,Average
STU0262,21,Male,CSE,1,97.1,26.6,92.8,54.1,73.2,5.11,11.3,9.2,3.1,56.0,Needs Improvement
STU0263,23,Male,EEE,3,42.5,22.3,20.5,66.6,26.3,4.51,11.1,6.4,1.1,34.2,Needs Improvement
STU0264,24,Male,IT,2,55.9,13.7,84.9,31.0,68.3,5.7,0.6,6.4,0.9,44.6,Needs Improvement
STU0265,22,Male,CIVIL,3,76.1,5.4,95.9,83.4,33.1,5.12,9.4,5.0,5.1,56.0,Needs Improvement
STU0266,18,Male,CIVIL,3,57.8,3.8,27.3,97.2,78.9,8.91,18.5,6.3,11.4,55.2,Needs Improvement
STU0267,18,Male,CSE,2,82.9,33.3,32.9,37.8,44.1,9.43,8.0,9.2,2.6,58.0,Needs Improvement
STU0268,20,Female,ECE,3,85.5,36.7,96.9,57.1,57.1,4.43,12.5,6.2,3.1,51.9,Needs Improvement
STU0269,23,Female,IT,1,46.2,26.0,63.0,22.3,68.0,8.91,15.6,9.7,1.2,50.1,Needs Improvement
STU0270,19,Male,MECH,4,70.8,4.1,21.1,62.5,33.7,8.25,15.7,9.7,7.3,43.1,Needs Improvement
STU0271,22,Male,ECE,4,69.55,16.1,40.6,57.7,79.3,9.45,10.4,4.9,8.2,67.9,Average
STU0272,21,Female,ECE,1,62.2,29.2,56.0,27.3,44.2,3.97,17.2,5.1,7.7,37.1,Needs Improvement
STU0273,19,Male,IT,3,96.0,31.2,75.4,52.6,73.0,6.62,7.8,9.2,10.3,59.1,Needs Improvement
STU0274,23,Male,CSE,2,89.7,4.7,78.7,43.4,32.7,4.2,17.8,6.4,5.8,44.1,Needs Improvement
STU0275,24,Male,CSE,3,81.8,0.0,99.6,59.4,75.0,8.59,4.8,4.0,1.6,72.7,Average
STU0276,21,Female,CSE,1,82.9,28.5,43.0,64.8,30.3,5.965,5.6,5.6,3.5,32.7,Needs Improvement
STU0277,24,Male,CSE,3,67.7,14.3,63.1,15.7,54.0,6.52,1.1,7.6,7.9,43.1,Needs Improvement
STU0278,20,Female,CIVIL,4,95.3,10.2,62.7,79.7,39.8,4.71,15.9,8.8,7.4,44.0,Needs Improvement
STU0279,20,Male,CSE,3,81.7,0.5,52.5,75.6,79.9,4.58,8.3,4.8,6.4,37.8,Needs Improvement
STU0280,18,Female,CIVIL,1,83.7,21.6,33.5,46.1,41.0,7.16,4.6,4.7,8.2,43.1,Needs Improvement
STU0281,24,Female,CIVIL,4,91.7,34.0,98.2,19.5,90.5,8.81,4.6,9.5,7.6,67.3,Average
STU0282,23,Male,CSE,3,56.4,38.3,88.3,79.2,91.3,6.87,18.0,8.5,10.6,60.6,Average
STU0283,22,Female,EEE,3,88.4,22.6,59.9,96.2,35.7,8.83,16.7,7.5,7.0,67.4,Average
STU0284,21,Male,MECH,4,51.7,20.6,68.3,35.4,69.1,4.12,11.1,8.6,9.3,42.5,Needs Improvement
STU0285,19,Female,ECE,2,60.7,3.4,59.0,42.5,27.0,6.16,12.3,6.6,3.0,39.4,Needs Improvement
STU0286,23,Male,CIVIL,4,60.1,22.0,63.5,30.6,51.3,5.6,9.5,8.6,8.1,50.3,Needs Improvement
STU0287,23,Male,IT,2,98.7,15.2,75.6,64.0,77.1,2.09,7.8,6.2,10.8,44.5,Needs Improvement
STU0288,20,Female,IT,1,91.4,24.3,61.2,28.2,72.8,6.45,18.3,5.5,4.6,54.0,Needs Improvement
STU0289,24,Male,MECH,1,82.1,15.5,99.2,45.3,70.0,7.29,2.5,8.4,9.3,50.2,Needs Improvement
STU0290,18,Male,IT,4,83.6,9.6,68.9,74.2,42.6,6.74,8.4,6.5,8.7,55.2,Needs Improvement
STU0291,18,Female,EEE,4,73.7,3.8,49.7,62.6,50.2,7.89,6.9,9.9,0.7,54.3,Needs Improvement
STU0292,21,Male,IT,1,96.8,12.6,81.8,47.8,28.2,6.57,10.0,6.1,7.0,46.7,Needs Improvement
STU0293,20,Male,ECE,2,69.8,3.9,33.6,50.7,77.5,2.53,9.2,9.5,1.6,41.4,Needs Improvement
STU0294,23,Female,ECE,1,62.8,7.1,50.8,62.8,60.3,2.93,10.4,9.6,11.6,35.4,Needs Improvement
STU0295,22,Female,CIVIL,4,49.8,39.5,47.8,15.5,76.7,6.77,2.8,5.5,9.7,52.9,Needs Improvement
STU0296,20,Male,CSE,1,87.2,17.8,54.5,21.7,39.9,4.2,10.3,8.8,1.3,29.7,Needs Improvement
STU0297,21,Male,EEE,4,84.1,21.3,82.5,89.9,46.0,2.64,4.8,6.6,1.5,55.7,Needs Improvement
STU0298,21,Female,CIVIL,4,63.1,34.9,58.7,21.6,46.7,5.44,3.7,9.5,7.1,44.0,Needs Improvement
STU0299,20,Female,EEE,1,41.5,39.8,83.5,75.1,22.1,6.43,1.3,6.7,4.1,54.2,Needs Improvement
STU0300,21,Male,CSE,2,90.3,19.75,66.1,93.2,47.3,4.63,15.3,8.5,0.4,57.1,Needs Improvement
STU0301,20,Female,IT,3,40.7,32.5,47.4,38.0,84.3,7.76,8.5,6.8,6.5,51.3,Needs Improvement
STU0302,19,Male,IT,1,82.2,13.1,84.8,46.5,91.8,7.15,12.5,5.4,4.7,65.0,Average
STU0303,20,Male,CSE,3,98.2,12.2,39.1,63.4,61.5,4.66,14.6,5.2,1.2,41.4,Needs Improvement
STU0304,24,Male,CIVIL,1,66.3,16.1,38.0,89.9,56.4,8.04,13.6,6.6,9.6,52.1,Needs Improvement
STU0305,20,Male,CSE,3,54.1,26.9,60.4,95.1,22.5,7.19,9.4,8.5,11.0,49.8,Needs Improvement
STU0306,21,Male,MECH,2,82.3,27.3,59.0,77.9,90.3,7.1,7.8,7.6,9.1,54.1,Needs Improvement
STU0307,24,Female,ECE,2,89.0,12.6,20.7,22.4,21.0,6.43,7.5,8.1,9.9,38.1,Needs Improvement
STU0308,21,Female,CIVIL,1,72.8,5.3,71.9,71.9,95.6,2.09,12.8,5.7,2.6,51.7,Needs Improvement
STU0309,18,Female,EEE,4,98.0,25.3,60.9,49.9,59.1,7.57,9.9,6.9,3.2,64.6,Average
STU0310,18,Female,MECH,3,43.1,5.1,55.6,55.0,47.4,5.01,17.0,4.3,2.5,44.8,Needs Improvement
STU0311,24,Male,CIVIL,4,70.3,23.1,97.4,19.2,93.9,9.54,17.5,8.9,9.2,65.6,Average
STU0312,19,Male,CSE,4,83.1,27.7,65.7,31.2,22.0,8.54,3.4,9.9,11.4,44.5,Needs Improvement
STU0313,18,Male,CSE,4,91.8,28.0,89.1,82.2,66.5,6.7,2.7,6.4,8.6,72.7,Average
STU0314,20,Male,CSE,2,50.8,30.1,31.2,53.6,63.9,4.02,12.6,4.1,10.6,37.3,Needs Improvement
STU0315,21,Female,CSE,1,88.0,34.9,65.5,40.6,37.5,3.63,6.0,5.0,7.7,49.3,Needs Improvement
STU0316,18,Male,EEE,1,73.2,20.0,89.4,47.6,54.3,4.72,0.4,7.9,4.7,44.6,Needs Improvement
STU0317,18,Male,MECH,2,63.8,29.2,66.6,87.6,72.2,5.81,17.8,7.7,5.1,58.6,Needs Improvement
STU0318,19,Female,IT,2,47.9,24.8,77.4,78.7,78.2,4.37,4.5,8.7,0.9,61.0,Average
STU0319,24,Female,ECE,1,91.9,7.5,49.8,38.1,20.1,6.12,18.6,5.5,0.4,45.4,Needs Improvement
STU0320,24,Female,EEE,4,49.4,1.0,27.4,25.0,94.9,3.32,14.3,8.6,8.3,28.0,Needs Improvement
STU0321,23,Female,EEE,3,58.6,11.4,59.0,36.4,33.2,5.965,15.3,8.1,5.3,58.5,Needs Improvement
STU0322,19,Male,IT,3,57.4,19.75,51.6,93.3,38.7,2.86,4.0,5.9,6.6,38.4,Needs Improvement
STU0323,20,Male,IT,3,92.3,24.7,59.0,64.4,41.1,9.46,4.7,7.3,6.7,67.0,Average
STU0324,24,Female,ECE,4,80.4,34.0,59.0,60.3,23.0,9.31,10.4,4.9,3.3,60.5,Average
STU0325,21,Male,ECE,1,87.8,7.8,97.3,65.7,29.8,6.2,3.4,6.7,5.7,66.8,Average
STU0326,19,Male,IT,2,55.0,5.0,96.7,46.1,98.9,7.8,6.1,9.3,5.6,57.8,Needs Improvement
STU0327,18,Male,CSE,1,77.5,38.5,39.8,83.6,45.2,5.49,6.4,6.5,4.7,53.0,Needs Improvement
STU0328,21,Female,EEE,4,74.3,4.3,47.8,59.5,29.2,7.04,3.2,9.0,9.8,44.5,Needs Improvement
STU0329,21,Male,CIVIL,2,90.0,19.1,91.6,24.9,28.6,4.72,4.1,7.5,5.4,47.8,Needs Improvement
STU0330,18,Female,ECE,4,94.4,19.75,97.3,26.0,77.6,4.41,15.8,5.2,7.2,54.5,Needs Improvement
STU0331,19,Male,ECE,3,40.7,21.7,55.5,60.6,88.4,6.63,3.3,7.5,10.7,56.2,Needs Improvement
STU0332,18,Male,IT,3,80.4,19.75,45.7,94.6,40.6,5.99,0.6,7.0,10.4,54.8,Needs Improvement
STU0333,23,Male,MECH,4,43.1,2.3,62.1,41.2,21.7,6.64,12.6,6.4,10.7,36.2,Needs Improvement
STU0334,21,Female,CIVIL,2,72.9,4.2,75.0,88.9,37.8,4.29,19.5,4.7,3.2,55.3,Needs Improvement
STU0335,22,Male,CIVIL,2,57.3,23.4,41.9,79.9,24.5,4.94,6.6,6.5,0.4,48.1,Needs Improvement
STU0336,22,Female,ECE,1,58.4,21.8,78.9,36.1,28.3,2.67,2.4,4.4,3.1,41.9,Needs Improvement
STU0337,20,Female,CSE,3,61.2,9.3,24.1,18.1,54.5,2.42,11.4,4.6,3.3,31.2,Needs Improvement
STU0338,24,Female,MECH,1,77.3,25.5,23.9,23.7,38.4,4.03,18.1,6.5,10.9,40.6,Needs Improvement
STU0339,18,Male,CIVIL,1,60.0,32.8,50.9,76.9,61.3,2.59,15.7,5.8,7.8,43.0,Needs Improvement
STU0340,18,Male,ECE,4,84.0,1.7,48.3,32.0,40.3,2.83,12.5,9.6,1.0,34.2,Needs Improvement
STU0341,20,Male,CIVIL,4,69.55,19.9,45.3,46.6,95.2,8.5,6.3,6.3,1.6,60.1,Average
STU0342,20,Male,MECH,1,44.1,27.6,59.3,57.6,92.5,2.31,10.8,8.5,1.9,51.4,Needs Improvement
STU0343,20,Female,MECH,3,87.0,10.1,45.7,76.7,65.3,7.27,1.8,7.2,7.6,56.7,Needs Improvement
STU0344,21,Female,EEE,4,57.1,12.3,35.4,24.6,48.4,4.18,13.6,8.2,8.8,38.9,Needs Improvement
STU0345,23,Female,IT,1,66.0,24.5,44.8,49.5,50.5,8.97,14.5,5.6,10.3,55.7,Needs Improvement
STU0346,18,Male,IT,1,81.1,35.9,98.0,56.2,52.9,5.88,19.3,9.7,11.3,57.3,Needs Improvement
STU0347,21,Female,ECE,1,59.9,19.75,52.9,61.0,78.2,4.44,5.2,7.2,2.4,53.9,Needs Improvement
STU0348,20,Male,MECH,1,43.4,23.3,55.6,84.6,56.1,6.14,0.4,9.0,3.7,52.3,Needs Improvement
STU0349,18,Female,EEE,1,62.4,29.2,66.1,29.6,88.5,5.06,10.9,6.2,2.9,50.5,Needs Improvement
STU0350,21,Male,EEE,1,96.7,14.6,98.7,83.7,95.5,6.51,14.1,4.6,4.3,63.8,Average
STU0351,23,Male,CIVIL,4,78.5,25.6,39.3,73.9,46.9,2.92,15.8,8.0,11.0,42.1,Needs Improvement
STU0352,21,Female,CIVIL,3,80.3,19.75,74.5,62.2,64.9,9.98,3.9,4.0,6.9,69.7,Average
STU0353,23,Female,EEE,1,77.9,7.6,77.3,74.5,27.6,5.4,5.2,6.9,8.9,54.1,Needs Improvement
STU0354,20,Female,CIVIL,2,51.9,28.1,68.6,50.0,36.0,4.79,10.3,5.2,5.9,47.6,Needs Improvement
STU0355,23,Female,MECH,4,65.1,22.3,27.1,26.8,53.1,7.68,6.6,7.8,0.3,48.2,Needs Improvement
STU0356,18,Male,CSE,4,85.1,14.3,74.1,71.6,36.5,4.91,17.2,9.9,0.8,55.7,Needs Improvement
STU0357,20,Female,MECH,1,46.1,36.5,25.1,59.6,90.1,8.67,9.5,6.8,6.5,49.3,Needs Improvement
STU0358,18,Female,EEE,4,56.7,0.8,67.7,69.3,32.7,5.63,16.0,8.9,8.6,45.1,Needs Improvement
STU0359,22,Female,EEE,1,56.6,12.6,79.2,43.7,56.5,7.76,11.6,7.0,2.6,55.5,Needs Improvement
STU0360,19,Male,MECH,3,65.9,2.3,36.9,92.1,68.5,2.86,15.5,7.0,8.7,37.4,Needs Improvement
STU0361,23,Male,CIVIL,3,69.55,30.7,87.3,64.9,75.3,8.77,6.7,9.6,9.7,60.9,Average
STU0362,19,Female,CIVIL,4,44.1,28.1,22.4,22.3,50.6,7.89,16.6,9.3,4.9,48.1,Needs Improvement
STU0363,19,Male,IT,4,71.1,13.3,87.5,53.2,89.5,3.69,5.5,8.7,9.0,50.7,Needs Improvement
STU0364,23,Female,EEE,2,50.8,27.0,59.0,79.3,65.5,3.16,10.9,5.8,4.8,48.3,Needs Improvement
STU0365,20,Male,ECE,4,98.2,15.8,37.4,82.5,55.2,4.53,4.3,7.3,8.1,53.2,Needs Improvement
STU0366,22,Male,IT,2,46.8,30.3,30.7,57.0,25.4,9.81,9.5,5.3,9.2,45.1,Needs Improvement
STU0367,18,Male,CIVIL,3,64.2,18.2,59.0,91.1,57.2,4.05,6.4,6.7,11.9,52.4,Needs Improvement
STU0368,21,Male,MECH,3,84.3,16.5,25.8,37.8,85.7,5.65,5.3,6.9,4.1,53.9,Needs Improvement
STU0369,18,Female,CIVIL,1,82.3,37.4,35.9,49.9,69.2,2.24,19.3,9.0,4.9,40.7,Needs Improvement
STU0370,21,Female,MECH,3,65.4,10.0,47.8,91.4,86.6,5.18,3.2,9.4,2.0,55.3,Needs Improvement
STU0371,18,Female,IT,2,60.8,4.8,69.6,91.2,59.5,6.57,15.7,6.5,2.4,54.9,Needs Improvement
STU0372,23,Male,EEE,4,69.55,23.4,63.6,73.3,29.5,9.62,19.7,4.1,8.3,55.1,Needs Improvement
STU0373,22,Female,CIVIL,1,55.9,19.75,30.1,88.0,21.1,6.13,0.4,9.2,11.0,54.2,Needs Improvement
STU0374,21,Female,MECH,2,52.3,15.1,43.2,22.5,44.3,8.55,14.0,5.0,4.7,32.1,Needs Improvement
STU0375,24,Female,EEE,4,69.0,2.5,39.1,88.5,75.8,6.38,5.1,7.7,2.2,53.1,Needs Improvement
STU0376,20,Male,ECE,1,56.1,13.6,37.1,42.3,83.2,2.33,0.8,4.1,3.4,37.1,Needs Improvement
STU0377,18,Male,MECH,3,57.2,20.2,52.9,30.2,43.7,4.52,8.1,6.4,5.5,47.1,Needs Improvement
STU0378,18,Male,IT,2,79.4,6.5,76.3,35.3,59.7,6.6,18.7,9.9,3.5,46.7,Needs Improvement
STU0379,21,Female,ECE,4,98.1,26.3,37.4,50.5,53.7,9.6,0.2,4.6,2.8,53.5,Needs Improvement
STU0380,20,Female,ECE,1,76.2,39.9,49.3,36.4,52.8,8.87,11.8,6.5,8.8,50.7,Needs Improvement
STU0381,20,Female,CSE,1,44.6,18.1,51.3,42.2,38.5,3.83,10.0,5.8,0.1,42.0,Needs Improvement
STU0382,23,Male,CIVIL,3,69.55,14.2,98.1,26.5,30.9,3.76,17.5,9.4,6.5,40.3,Needs Improvement
STU0383,24,Male,MECH,4,97.1,16.0,96.4,40.2,35.7,3.61,1.7,9.2,9.5,40.1,Needs Improvement
STU0384,23,Female,ECE,3,57.8,4.6,84.0,63.6,24.4,9.38,13.6,5.4,3.2,58.4,Needs Improvement
STU0385,23,Male,CSE,3,45.5,35.3,39.3,52.6,35.9,8.82,13.6,4.5,7.2,58.0,Needs Improvement
STU0386,23,Male,IT,4,75.9,16.6,25.4,44.5,20.7,8.2,13.4,7.8,8.0,46.5,Needs Improvement
STU0387,23,Male,EEE,4,77.4,15.5,45.4,78.4,70.2,5.14,18.8,6.0,7.9,51.9,Needs Improvement
STU0388,23,Male,MECH,4,78.9,26.4,41.3,90.9,45.3,6.04,16.5,8.0,5.4,57.0,Needs Improvement
STU0389,22,Female,ECE,2,56.0,17.7,60.5,79.3,97.9,5.71,0.8,4.2,4.2,58.4,Needs Improvement
STU0390,20,Male,CIVIL,4,40.9,25.9,82.2,43.2,35.5,4.03,9.4,4.8,10.0,33.6,Needs Improvement
STU0391,23,Male,CSE,1,97.9,2.5,88.7,78.3,47.7,6.04,8.0,8.1,9.1,57.0,Needs Improvement
STU0392,20,Male,ECE,3,55.1,32.5,87.6,27.9,48.6,2.24,6.2,5.3,3.9,39.2,Needs Improvement
STU0393,20,Male,CIVIL,2,80.6,37.6,48.8,26.1,20.7,3.05,9.0,9.1,1.2,36.9,Needs Improvement
STU0394,19,Female,ECE,4,82.4,26.0,75.0,44.4,87.1,9.09,7.7,4.4,0.9,68.9,Average
STU0395,22,Female,MECH,2,76.6,38.2,45.0,83.7,22.6,8.01,8.6,5.3,1.1,57.0,Needs Improvement
STU0396,23,Male,MECH,4,58.8,6.1,59.0,35.9,95.2,5.38,19.6,10.0,7.0,39.5,Needs Improvement
STU0397,18,Male,MECH,2,56.3,19.1,59.0,20.4,91.4,6.14,1.8,6.6,0.6,44.6,Needs Improvement
STU0398,21,Male,IT,3,75.9,24.1,20.8,26.2,62.8,4.96,18.4,8.2,4.0,42.0,Needs Improvement
STU0399,24,Male,IT,3,92.0,23.3,52.7,88.0,63.5,7.93,9.6,5.1,9.0,67.1,Average
STU0400,18,Male,CSE,1,96.8,16.1,46.4,68.9,72.3,8.27,12.5,7.7,3.5,60.4,Average
STU0401,22,Male,MECH,1,46.4,13.5,75.5,36.5,51.0,8.11,16.6,8.4,9.2,53.7,Needs Improvement
STU0402,21,Female,CIVIL,4,49.3,5.1,59.0,62.2,71.8,7.78,7.2,5.9,8.9,54.2,Needs Improvement
STU0403,22,Male,ECE,3,96.7,15.7,44.3,59.8,23.6,5.965,8.6,9.0,2.9,31.7,Needs Improvement
STU0404,20,Female,EEE,2,84.2,6.5,84.9,70.7,24.3,5.965,8.2,7.6,8.7,49.3,Needs Improvement
STU0405,21,Female,CIVIL,2,93.0,29.4,43.5,34.8,56.6,5.76,7.5,6.3,9.0,45.8,Needs Improvement
STU0406,20,Male,IT,2,52.2,8.4,55.7,88.5,64.0,4.65,18.5,7.3,4.8,50.6,Needs Improvement
STU0407,18,Female,IT,1,75.3,2.3,78.2,41.3,91.0,8.04,16.6,7.5,2.5,60.3,Average
STU0408,18,Female,CIVIL,2,82.1,22.1,75.4,74.0,28.4,4.63,2.2,5.0,6.3,47.8,Needs Improvement
STU0409,21,Female,IT,1,80.8,23.8,99.0,16.4,85.8,3.11,2.2,6.4,11.1,52.3,Needs Improvement
STU0410,21,Female,MECH,1,64.5,34.9,59.0,46.7,36.8,5.19,8.6,6.1,7.7,42.2,Needs Improvement
STU0411,23,Female,CSE,4,40.9,23.1,73.0,44.9,51.5,9.84,2.0,6.4,2.1,57.2,Needs Improvement
STU0412,22,Female,ECE,2,75.0,13.8,68.8,61.2,45.3,3.81,12.4,8.6,8.2,49.5,Needs Improvement
STU0413,23,Male,CSE,2,55.2,32.1,93.2,21.2,52.0,6.9,2.9,6.9,5.1,51.8,Needs Improvement
STU0414,22,Female,ECE,3,67.0,21.6,32.5,82.2,32.0,5.46,10.4,9.6,7.1,60.7,Average
STU0415,23,Female,ECE,4,97.5,3.2,80.1,33.5,60.3,2.57,0.1,5.8,8.8,39.9,Needs Improvement
STU0416,20,Female,CSE,3,63.9,22.6,65.5,72.5,84.1,5.9,6.3,6.5,6.2,58.3,Needs Improvement
STU0417,21,Male,CIVIL,4,90.4,36.3,42.0,83.3,55.3,7.62,13.5,8.7,9.8,57.1,Needs Improvement
STU0418,18,Female,ECE,2,51.3,15.9,58.0,62.8,59.2,6.11,9.7,7.3,8.7,52.8,Needs Improvement
STU0419,22,Male,CSE,1,80.3,11.9,46.7,78.0,87.9,8.98,19.6,7.3,7.4,64.5,Average
STU0420,22,Female,ECE,1,98.6,5.7,66.3,71.3,76.5,4.31,17.5,4.3,1.8,52.8,Needs Improvement
STU0421,18,Male,EEE,1,46.1,6.1,91.1,45.2,59.2,2.69,7.2,6.4,10.0,34.5,Needs Improvement
STU0422,23,Male,CIVIL,1,40.5,17.3,65.5,83.8,40.6,9.49,0.9,5.6,11.2,50.8,Needs Improvement
STU0423,22,Female,MECH,1,66.0,23.8,70.5,40.0,90.8,5.03,16.9,10.0,1.6,55.4,Needs Improvement
STU0424,24,Female,ECE,3,45.6,3.2,61.5,63.6,66.2,6.61,18.2,5.9,5.9,42.2,Needs Improvement
STU0425,20,Male,EEE,4,84.9,37.6,24.1,78.4,37.7,8.34,16.4,9.3,3.1,66.3,Average
STU0426,21,Female,MECH,2,94.9,30.2,38.6,47.2,41.5,4.59,2.6,8.1,9.1,38.3,Needs Improvement
STU0427,18,Male,MECH,3,66.0,23.5,59.4,40.7,84.3,7.73,20.0,6.0,8.7,52.9,Needs Improvement
STU0428,21,Male,ECE,4,55.5,33.1,44.8,54.0,23.5,3.08,5.2,7.3,1.7,35.2,Needs Improvement
STU0429,24,Male,CSE,1,66.1,3.2,34.5,84.5,99.4,4.33,14.5,9.0,10.5,48.2,Needs Improvement
STU0430,22,Male,ECE,4,83.4,19.1,60.3,94.0,30.4,3.16,18.2,9.3,2.2,51.8,Needs Improvement
STU0431,22,Male,EEE,4,40.5,25.2,45.8,61.3,83.7,8.49,4.7,5.0,9.6,56.0,Needs Improvement
STU0432,24,Female,MECH,1,75.4,33.1,40.6,71.2,51.6,3.78,18.2,6.0,5.5,39.5,Needs Improvement
STU0433,18,Male,ECE,1,76.8,31.3,57.1,91.8,59.4,7.74,6.2,6.0,3.9,60.7,Average
STU0434,20,Male,CSE,1,78.3,11.1,30.7,23.4,90.5,9.55,19.5,4.3,1.9,58.2,Needs Improvement
STU0435,19,Female,ECE,2,54.5,37.6,94.2,34.7,53.0,6.22,5.6,7.6,2.0,58.2,Needs Improvement
STU0436,18,Male,CIVIL,1,82.8,5.0,89.4,75.3,63.0,6.32,19.1,9.1,7.9,46.8,Needs Improvement
STU0437,19,Female,CSE,2,45.5,35.0,76.6,85.0,23.9,5.69,1.1,6.3,6.6,55.3,Needs Improvement
STU0438,24,Female,EEE,1,52.0,38.8,28.5,87.8,20.2,4.61,14.2,8.4,1.5,42.4,Needs Improvement
STU0439,23,Female,MECH,2,92.6,7.1,82.1,50.3,39.6,5.81,10.6,7.8,1.4,50.9,Needs Improvement
STU0440,19,Male,ECE,4,84.3,28.9,84.6,22.6,74.4,6.82,9.6,6.3,0.9,56.1,Needs Improvement
STU0441,20,Male,CSE,3,40.8,1.6,81.4,52.2,29.7,9.89,4.5,4.8,8.9,60.1,Average
STU0442,23,Male,CIVIL,4,54.9,16.2,29.1,34.6,29.1,9.5,14.1,8.3,8.5,40.1,Needs Improvement
STU0443,19,Female,CSE,4,52.9,20.7,71.5,39.8,52.9,8.9,3.8,9.1,0.7,50.3,Needs Improvement
STU0444,24,Male,IT,1,56.2,23.2,86.7,80.6,71.8,9.11,11.1,8.1,6.7,69.7,Average
STU0445,23,Female,CIVIL,2,54.9,37.4,66.2,21.4,77.0,5.74,5.1,4.1,1.0,48.7,Needs Improvement
STU0446,24,Male,EEE,3,43.8,26.9,71.7,85.3,34.3,7.26,19.1,5.3,10.8,60.3,Average
STU0447,19,Female,MECH,1,67.5,19.3,56.7,51.4,26.4,9.16,0.6,4.4,10.9,49.5,Needs Improvement
STU0448,24,Male,EEE,1,84.0,32.4,59.0,65.7,95.2,5.14,4.0,7.4,8.4,63.4,Average
STU0449,20,Male,ECE,1,76.4,38.0,22.8,22.6,40.9,9.69,4.8,8.5,11.1,48.9,Needs Improvement
STU0450,19,Male,CSE,4,80.4,0.9,59.0,43.7,88.3,5.33,8.3,4.7,9.7,50.6,Needs Improvement
STU0451,19,Female,IT,2,44.9,39.3,26.5,22.6,89.1,6.81,4.7,9.0,9.9,52.1,Needs Improvement
STU0452,19,Female,CIVIL,2,97.1,3.4,54.8,96.7,81.8,7.68,9.8,7.3,6.8,63.8,Average
STU0453,18,Male,CIVIL,3,90.3,32.6,43.4,83.6,33.5,9.6,17.4,8.1,3.7,70.8,Average
STU0454,18,Male,CSE,2,88.3,11.2,63.6,54.1,85.7,3.96,14.2,9.8,2.6,48.9,Needs Improvement
STU0455,18,Female,IT,2,89.4,5.3,30.7,34.0,81.5,7.97,11.6,4.5,3.9,51.3,Needs Improvement
STU0456,20,Female,CSE,1,96.0,17.6,75.3,94.3,67.7,6.17,1.8,9.4,7.5,57.2,Needs Improvement
STU0457,23,Female,ECE,1,72.7,25.8,83.6,44.3,47.0,4.15,13.9,4.8,2.1,46.3,Needs Improvement
STU0458,24,Male,EEE,4,52.0,15.2,33.1,28.7,41.0,8.21,3.3,6.4,3.1,38.7,Needs Improvement
STU0459,22,Female,CIVIL,1,77.0,2.2,28.3,62.9,29.8,6.42,15.7,9.1,5.6,50.8,Needs Improvement
STU0460,19,Male,ECE,1,84.6,24.0,59.0,95.2,60.8,7.29,5.0,9.4,2.8,70.3,Average
STU0461,24,Female,EEE,1,84.3,36.1,90.2,15.3,66.8,4.58,8.3,7.0,7.1,47.4,Needs Improvement
STU0462,19,Male,ECE,1,71.3,15.3,62.3,35.2,48.7,5.85,7.0,7.6,11.1,40.0,Needs Improvement
STU0463,20,Female,IT,4,44.1,8.7,57.4,94.8,58.0,6.94,17.2,8.2,9.0,47.7,Needs Improvement
STU0464,19,Female,CIVIL,1,62.3,17.7,28.5,29.5,49.1,5.24,2.5,9.0,8.0,38.5,Needs Improvement
STU0465,18,Female,CSE,3,95.2,1.9,72.0,24.6,71.3,3.59,11.3,4.7,7.0,38.6,Needs Improvement
STU0466,22,Female,CSE,3,75.1,32.8,89.4,63.5,92.1,9.69,2.8,8.9,5.9,69.8,Average
STU0467,21,Female,EEE,3,72.3,33.1,86.3,88.3,33.1,6.09,14.1,6.9,2.2,70.4,Average
STU0468,19,Male,MECH,3,56.1,23.5,70.1,55.6,50.5,7.87,18.1,6.7,10.7,51.8,Needs Improvement
STU0469,24,Female,IT,1,69.55,14.1,26.0,99.5,31.3,5.29,8.7,6.5,3.0,51.4,Needs Improvement
STU0470,18,Female,EEE,3,93.7,32.0,29.0,72.7,70.0,4.84,9.8,7.1,1.1,54.5,Needs Improvement
STU0471,21,Female,MECH,1,80.0,22.2,23.9,21.3,78.3,5.26,18.5,9.7,9.0,33.9,Needs Improvement
STU0472,22,Male,ECE,4,87.2,33.0,40.6,99.4,94.6,5.27,10.4,7.3,2.1,54.2,Needs Improvement
STU0473,21,Female,IT,3,67.3,25.3,30.9,49.7,42.3,6.35,9.8,9.7,4.5,49.1,Needs Improvement
STU0474,18,Male,ECE,2,77.8,31.4,40.8,39.4,96.0,6.35,11.6,5.1,0.3,62.7,Average
STU0475,23,Female,CIVIL,3,54.9,23.9,50.8,62.4,25.1,5.98,13.8,8.3,1.6,49.9,Needs Improvement
STU0476,23,Female,IT,3,82.3,16.6,95.4,40.9,68.2,3.08,2.1,8.9,2.1,53.5,Needs Improvement
STU0477,21,Male,MECH,1,65.7,38.3,68.8,22.3,24.6,5.97,16.4,8.1,0.7,43.0,Needs Improvement
STU0478,20,Female,CIVIL,3,66.6,21.6,86.8,15.1,91.5,3.35,8.7,7.6,7.9,48.7,Needs Improvement
STU0479,24,Male,CSE,2,79.0,24.2,76.8,53.2,62.4,3.01,1.4,7.4,10.0,51.2,Needs Improvement
STU0480,24,Male,MECH,1,96.2,8.8,29.0,86.1,73.5,9.46,15.7,9.2,4.5,61.2,Average
STU0481,21,Female,EEE,1,43.8,25.0,78.9,63.6,86.5,6.84,7.5,8.9,10.5,59.2,Needs Improvement
STU0482,19,Male,CSE,4,89.5,22.9,42.0,99.9,32.0,7.28,2.0,4.7,2.6,51.4,Needs Improvement
STU0483,19,Female,CSE,4,57.5,7.4,71.1,39.4,23.1,5.21,12.7,9.1,3.9,45.9,Needs Improvement
STU0484,24,Female,EEE,3,66.6,2.4,47.3,38.8,90.3,9.27,17.6,6.5,1.8,53.0,Needs Improvement
STU0485,24,Male,IT,4,41.3,24.2,99.8,28.6,45.2,7.1,17.8,5.5,7.4,43.5,Needs Improvement
STU0486,23,Male,CSE,4,58.1,30.5,41.1,28.9,30.3,8.15,19.2,9.2,5.0,49.1,Needs Improvement
STU0487,20,Male,MECH,4,70.2,20.9,42.3,39.2,57.5,4.95,17.4,6.6,7.4,33.2,Needs Improvement
STU0488,18,Male,CIVIL,1,43.4,9.1,94.5,82.4,67.9,9.68,0.0,8.9,9.1,67.3,Average
STU0489,19,Female,CSE,1,69.5,26.7,22.0,92.0,22.5,5.965,7.6,5.6,6.5,49.3,Needs Improvement
STU0490,24,Female,MECH,1,95.6,3.2,75.7,97.9,42.0,8.83,16.4,4.0,7.5,58.7,Needs Improvement
STU0491,23,Male,ECE,4,46.3,17.7,59.0,34.7,22.6,3.38,7.3,7.0,11.2,34.8,Needs Improvement
STU0492,22,Female,MECH,1,85.9,6.5,86.9,89.9,53.6,4.17,12.0,4.6,3.6,55.4,Needs Improvement
STU0493,23,Female,CIVIL,4,64.6,7.4,98.0,42.9,91.6,4.29,12.1,8.5,4.3,59.3,Needs Improvement
STU0494,19,Female,MECH,1,79.3,8.1,98.0,24.6,98.6,4.17,7.3,5.7,8.6,42.0,Needs Improvement
STU0495,19,Female,EEE,1,55.6,15.5,25.2,89.0,71.0,8.84,18.1,6.7,7.3,64.0,Average
STU0496,23,Male,CIVIL,2,49.6,2.0,85.7,69.1,32.9,2.26,10.1,4.5,2.1,35.3,Needs Improvement
STU0497,18,Male,IT,3,49.6,15.9,71.7,29.0,92.5,2.61,9.3,5.7,4.5,44.6,Needs Improvement
STU0498,21,Female,ECE,4,44.2,20.5,71.8,51.5,61.3,4.19,20.0,8.7,5.6,50.9,Needs Improvement
STU0499,19,Male,EEE,2,51.1,19.3,30.3,39.4,32.3,3.6,9.9,4.9,5.0,34.0,Needs Improvement
STU0500,23,Male,IT,1,79.9,15.3,72.0,77.6,93.7,3.85,3.6,7.9,2.1,53.2,Needs Improvement
STU0501,24,Male,MECH,4,92.9,33.6,98.6,53.5,80.6,8.38,10.3,9.5,11.1,60.4,Average
STU0502,23,Female,CIVIL,1,88.8,5.8,92.9,99.1,78.5,6.51,16.3,8.1,9.1,56.5,Needs Improvement
STU0503,20,Female,ECE,3,81.1,20.2,55.1,19.7,76.7,2.05,15.5,8.9,5.8,47.0,Needs Improvement
STU0504,21,Female,EEE,2,46.6,2.5,23.2,45.2,36.0,5.43,15.8,4.7,8.2,31.4,Needs Improvement
STU0505,22,Male,IT,3,57.4,2.8,49.0,56.0,36.9,5.26,14.2,5.5,10.8,33.4,Needs Improvement
STU0506,18,Female,IT,2,58.6,23.0,86.1,57.8,75.1,2.91,5.1,9.4,1.6,45.1,Needs Improvement
STU0507,22,Female,ECE,1,55.0,22.6,76.1,41.9,37.6,7.41,17.2,8.3,3.0,53.4,Needs Improvement
STU0508,21,Male,MECH,3,70.9,35.1,56.7,77.0,55.1,7.62,17.9,7.8,6.5,58.5,Needs Improvement
STU0509,21,Female,ECE,3,72.1,22.3,24.4,89.4,82.6,7.77,3.9,8.0,9.6,48.4,Needs Improvement
STU0510,21,Female,IT,1,61.4,38.4,54.2,94.8,82.7,7.83,2.6,6.5,0.4,72.3,Average
STU0511,22,Male,CSE,3,61.2,1.9,57.5,83.4,56.3,5.965,19.5,4.3,11.8,40.1,Needs Improvement
STU0512,24,Male,EEE,4,89.7,3.9,94.3,87.3,83.4,9.63,17.4,8.7,5.5,83.2,Good
STU0513,21,Male,ECE,2,87.4,1.8,71.3,61.8,87.1,8.51,17.9,8.1,4.3,69.0,Average
STU0514,23,Female,IT,2,58.5,7.4,44.9,85.2,72.4,9.23,17.7,6.8,3.5,45.7,Needs Improvement
STU0515,22,Female,MECH,2,94.8,21.7,62.0,40.8,38.3,2.13,10.8,9.4,2.1,49.5,Needs Improvement
STU0516,21,Female,IT,4,97.2,25.8,25.3,48.9,41.9,9.47,12.9,6.0,9.5,60.0,Average
STU0517,23,Male,MECH,2,59.6,1.8,97.8,41.9,45.2,8.48,10.9,5.8,11.5,48.8,Needs Improvement
STU0518,24,Male,ECE,1,61.3,37.8,48.8,54.7,29.3,8.7,1.0,9.2,5.0,53.5,Needs Improvement
STU0519,20,Female,MECH,3,70.3,33.7,58.2,39.3,41.9,2.75,14.9,8.8,11.4,40.5,Needs Improvement
STU0520,24,Female,CIVIL,4,96.5,11.9,48.4,96.7,36.8,7.91,10.1,7.1,9.9,54.6,Needs Improvement
STU0521,21,Male,CIVIL,2,92.6,3.1,74.6,41.6,56.4,9.68,13.0,4.8,5.8,58.0,Needs Improvement
STU0522,22,Male,CIVIL,1,46.2,6.8,73.0,23.3,92.7,7.43,10.1,5.3,8.1,52.9,Needs Improvement
STU0523,19,Male,CSE,3,63.6,5.1,77.2,59.8,28.4,6.56,9.8,7.9,5.2,52.9,Needs Improvement
STU0524,21,Male,ECE,3,73.2,4.9,59.0,19.9,77.6,9.57,3.4,6.3,6.7,46.9,Needs Improvement
STU0525,19,Female,IT,4,69.55,20.7,45.3,24.4,75.0,5.54,5.6,9.0,0.7,51.6,Needs Improvement
STU0526,23,Male,IT,4,51.6,9.8,30.0,33.6,27.7,6.79,3.2,9.7,8.4,39.0,Needs Improvement
STU0527,20,Female,CSE,4,91.5,14.3,72.4,54.5,93.8,5.81,3.9,8.8,0.6,61.4,Average
STU0528,18,Female,MECH,1,80.6,39.6,23.2,51.8,65.5,9.46,19.5,6.3,9.8,54.0,Needs Improvement
STU0529,24,Female,CSE,1,90.3,27.4,67.8,83.0,49.1,2.61,3.1,8.7,9.9,50.1,Needs Improvement
STU0530,20,Male,MECH,4,91.5,38.0,89.6,77.9,80.5,6.01,5.4,6.1,2.8,64.1,Average
STU0531,21,Male,MECH,2,84.9,5.7,91.3,51.2,40.6,7.5,11.8,5.0,3.9,47.0,Needs Improvement
STU0532,19,Male,EEE,3,66.4,15.3,55.9,43.4,75.5,8.34,12.2,4.2,5.8,52.4,Needs Improvement
STU0533,24,Male,IT,3,76.6,22.2,59.0,41.9,23.2,6.66,3.1,6.3,7.2,45.9,Needs Improvement
STU0534,19,Female,CIVIL,1,49.6,3.1,26.2,80.8,87.2,9.27,15.9,9.4,3.4,58.9,Needs Improvement
STU0535,22,Male,MECH,3,80.4,0.2,73.7,19.4,55.9,9.54,15.7,5.4,7.1,58.5,Needs Improvement
STU0536,19,Male,EEE,2,50.8,26.8,85.7,16.1,70.9,2.51,4.7,5.2,3.6,36.1,Needs Improvement
STU0537,22,Female,IT,3,81.6,25.7,39.6,82.6,37.7,5.22,5.8,9.8,0.7,52.1,Needs Improvement
STU0538,23,Male,CIVIL,1,53.8,16.4,53.7,55.6,74.2,2.19,18.8,4.2,0.0,45.0,Needs Improvement
STU0539,24,Female,MECH,1,47.1,19.6,87.1,26.1,81.8,4.64,16.5,8.7,1.2,44.5,Needs Improvement
STU0540,24,Female,MECH,2,49.9,16.6,90.2,35.0,57.9,6.29,14.0,5.9,9.5,48.6,Needs Improvement
STU0541,18,Female,CSE,2,40.1,1.0,39.5,94.3,69.4,9.29,1.6,4.2,11.5,52.6,Needs Improvement
STU0542,21,Female,CSE,3,83.1,13.4,64.0,88.1,56.5,8.77,8.4,9.5,5.1,64.6,Average
STU0543,22,Female,IT,3,83.9,7.1,35.4,75.3,91.5,3.02,11.2,4.8,6.2,49.4,Needs Improvement
STU0544,18,Female,CIVIL,1,70.9,3.9,28.2,56.0,59.8,2.74,3.7,7.3,1.8,35.8,Needs Improvement
STU0545,19,Female,MECH,2,49.7,38.3,92.9,59.2,87.3,6.71,9.0,5.6,6.6,64.8,Average
STU0546,19,Female,IT,2,45.0,24.0,85.6,97.9,84.1,6.26,12.0,4.4,1.7,54.4,Needs Improvement
STU0547,18,Male,IT,2,41.1,29.1,80.8,97.1,52.8,4.13,6.5,4.3,7.3,45.7,Needs Improvement
STU0548,24,Male,ECE,3,49.9,12.6,23.9,33.3,38.4,9.2,15.6,4.7,11.2,29.6,Needs Improvement
STU0549,19,Male,CSE,2,93.5,15.7,87.5,83.9,52.5,9.42,16.8,4.4,2.3,65.2,Average
STU0550,23,Male,CIVIL,1,54.5,9.5,55.0,31.8,86.1,5.22,6.5,8.6,9.2,51.8,Needs Improvement
STU0551,23,Female,MECH,1,61.3,3.9,47.4,33.2,38.2,9.12,16.8,6.9,0.3,49.5,Needs Improvement
STU0552,18,Male,IT,3,46.3,7.2,63.7,72.5,62.0,5.07,2.1,6.1,4.5,44.5,Needs Improvement
STU0553,22,Female,MECH,4,53.3,31.9,27.3,49.4,84.5,7.89,16.8,6.5,1.3,57.7,Needs Improvement
STU0554,22,Male,ECE,3,71.2,27.1,80.5,94.2,48.3,5.81,3.1,9.6,4.2,66.8,Average
STU0555,18,Male,CIVIL,4,76.5,21.9,66.6,22.6,71.4,5.965,1.7,9.5,2.1,37.0,Needs Improvement
STU0556,22,Male,IT,2,54.7,19.0,34.9,58.5,39.7,9.42,12.8,8.3,4.5,65.9,Average
STU0557,24,Female,MECH,3,43.5,36.9,35.1,93.1,28.7,5.63,9.4,9.3,5.0,51.9,Needs Improvement
STU0558,24,Male,CSE,1,63.5,2.9,34.7,91.8,83.6,7.88,18.2,5.9,3.6,60.2,Average
STU0559,22,Female,ECE,2,54.1,11.2,24.6,28.3,27.9,4.94,7.3,6.3,7.9,33.3,Needs Improvement
STU0560,23,Female,CIVIL,1,53.2,14.0,67.0,46.2,41.7,2.15,5.7,7.7,11.0,36.8,Needs Improvement
STU0561,22,Male,ECE,2,97.6,31.3,87.2,67.6,88.4,2.8,10.0,7.7,4.8,54.8,Needs Improvement
STU0562,24,Male,CSE,3,77.0,39.7,21.4,28.5,47.7,5.97,9.1,6.9,2.3,54.9,Needs Improvement
STU0563,20,Male,CIVIL,4,73.4,9.6,23.9,97.3,97.8,7.52,6.9,6.4,3.2,59.1,Needs Improvement
STU0564,21,Female,ECE,2,64.9,35.0,65.8,92.8,98.4,4.68,13.9,9.9,10.2,64.8,Average
STU0565,19,Male,EEE,4,65.7,33.2,85.6,29.2,41.5,7.56,15.2,8.9,6.9,51.5,Needs Improvement
STU0566,20,Female,CSE,2,72.5,9.0,46.1,25.3,23.3,7.59,17.1,6.6,5.5,39.3,Needs Improvement
STU0567,22,Female,CSE,1,81.8,16.0,48.0,22.3,76.4,7.63,19.5,8.4,1.8,61.5,Average
STU0568,23,Male,CSE,1,82.1,16.4,67.7,92.3,56.1,5.94,5.3,5.6,5.4,58.5,Needs Improvement
STU0569,18,Male,EEE,2,50.3,39.1,41.9,31.5,28.1,5.965,14.3,4.6,3.3,49.9,Needs Improvement
STU0570,22,Female,EEE,4,70.0,19.75,22.1,50.4,76.6,5.91,7.9,6.1,11.3,43.0,Needs Improvement
STU0571,23,Female,MECH,3,64.7,32.0,78.8,53.2,22.5,5.6,13.5,6.4,10.6,60.9,Average
STU0572,21,Female,IT,3,92.2,13.4,70.1,65.9,89.6,3.6,9.5,4.1,1.0,65.1,Average
STU0573,22,Male,ECE,1,77.9,29.2,66.5,21.1,31.1,4.46,19.9,8.9,6.2,48.4,Needs Improvement
STU0574,24,Female,MECH,3,72.0,16.8,79.3,34.3,30.2,2.34,14.6,6.2,2.7,53.1,Needs Improvement
STU0575,18,Male,ECE,1,46.9,23.1,74.0,94.2,34.1,7.07,19.0,7.5,4.9,53.8,Needs Improvement
STU0576,23,Female,IT,3,76.3,33.3,36.5,92.2,96.8,3.99,16.7,4.4,10.5,56.3,Needs Improvement
STU0577,23,Female,EEE,2,47.0,32.2,48.2,81.4,75.5,4.43,18.1,5.0,6.3,50.3,Needs Improvement
STU0578,23,Male,IT,1,60.2,34.7,30.1,16.6,84.1,8.17,16.3,9.3,4.0,41.1,Needs Improvement
STU0579,21,Female,EEE,1,48.6,2.4,30.4,42.8,51.8,4.62,9.2,7.7,2.5,38.8,Needs Improvement
STU0580,22,Male,IT,2,81.5,27.7,74.1,68.4,46.9,3.94,5.0,9.7,9.6,48.5,Needs Improvement
STU0581,21,Male,MECH,1,52.4,5.6,59.0,38.4,38.8,3.35,7.4,10.0,7.5,47.3,Needs Improvement
STU0582,19,Female,CIVIL,3,63.5,16.6,97.0,92.3,58.5,8.2,0.4,6.2,5.6,65.3,Average
STU0583,19,Male,MECH,3,93.7,21.9,70.3,68.9,64.1,3.04,10.5,5.8,2.6,49.9,Needs Improvement
STU0584,22,Male,ECE,1,52.3,16.1,34.7,21.1,70.5,5.63,10.1,9.2,4.0,47.6,Needs Improvement
STU0585,24,Female,MECH,3,70.5,20.8,28.5,92.3,40.6,6.06,10.5,10.0,11.5,49.8,Needs Improvement
STU0586,21,Male,CSE,4,65.2,39.9,85.0,96.4,95.9,7.5,19.5,7.8,6.2,77.9,Good
STU0587,18,Male,ECE,1,41.1,5.4,66.3,21.6,33.6,7.07,18.2,8.8,4.8,43.5,Needs Improvement
STU0588,23,Male,IT,2,87.6,27.0,69.5,60.3,97.3,8.49,3.2,8.7,6.3,69.1,Average
STU0589,23,Female,ECE,4,44.1,15.8,82.5,40.8,21.2,2.36,7.4,6.1,9.3,32.3,Needs Improvement
STU0590,22,Male,CIVIL,1,68.5,5.3,76.3,48.4,58.5,4.37,8.5,7.4,4.1,49.0,Needs Improvement
STU0591,24,Female,EEE,2,73.6,6.3,86.8,30.3,46.7,5.965,7.2,9.0,2.1,44.7,Needs Improvement
STU0592,19,Female,IT,3,77.7,38.0,24.5,64.1,55.9,3.17,16.0,8.1,7.0,39.4,Needs Improvement
STU0593,19,Male,ECE,2,81.3,35.2,79.8,96.4,65.7,4.31,10.5,4.1,8.0,59.2,Needs Improvement
STU0594,23,Male,IT,4,55.2,36.3,88.1,57.8,54.8,4.48,11.4,6.0,8.6,57.2,Needs Improvement
STU0595,22,Male,IT,3,40.6,39.7,42.9,22.0,53.2,6.18,17.1,4.9,10.6,41.9,Needs Improvement
STU0596,21,Female,IT,1,83.4,8.3,71.2,67.7,78.6,7.31,16.1,5.4,4.5,63.9,Average
STU0597,19,Male,EEE,3,72.1,14.2,45.1,43.9,74.9,5.05,2.6,9.4,0.9,48.0,Needs Improvement
STU0598,21,Male,MECH,1,90.2,26.8,96.6,87.8,86.7,7.76,14.3,4.2,11.5,60.2,Average
STU0599,24,Male,IT,1,89.3,19.4,22.7,51.9,40.0,4.69,8.7,5.3,5.2,35.5,Needs Improvement
STU0600,19,Male,CSE,2,90.6,16.7,66.4,31.4,68.8,4.32,5.9,5.9,7.5,44.0,Needs Improvement
STU0601,19,Male,CIVIL,2,69.1,14.3,33.3,31.2,66.8,6.33,1.0,7.7,8.0,37.0,Needs Improvement
STU0602,20,Female,EEE,2,60.0,23.8,77.0,80.3,49.6,5.965,9.7,7.2,6.6,44.1,Needs Improvement
STU0603,19,Female,ECE,4,87.5,23.0,34.1,37.6,58.9,2.64,7.1,5.3,2.5,36.1,Needs Improvement
STU0604,18,Male,EEE,4,67.1,6.5,38.8,80.2,45.1,5.34,5.0,5.0,9.1,42.4,Needs Improvement
STU0605,22,Male,ECE,2,51.0,18.9,59.5,32.5,31.3,9.54,13.9,5.4,9.6,55.7,Needs Improvement
STU0606,22,Male,EEE,4,91.3,22.1,93.2,42.3,37.1,7.77,15.4,7.0,6.6,58.2,Needs Improvement
STU0607,21,Male,ECE,3,93.0,22.8,36.9,54.6,28.4,2.71,4.9,5.6,5.9,43.6,Needs Improvement
STU0608,24,Female,IT,3,68.0,8.4,31.5,95.2,74.6,8.77,1.0,9.7,1.4,63.8,Average
STU0609,19,Male,MECH,4,44.5,29.7,80.7,94.2,72.9,7.86,17.0,6.8,1.0,74.5,Average
STU0610,18,Female,ECE,4,63.3,1.0,60.0,32.6,96.0,6.89,0.2,4.4,4.1,54.2,Needs Improvement
STU0611,21,Female,ECE,3,88.2,14.2,92.9,45.4,78.4,8.56,18.7,8.4,3.7,62.1,Average
STU0612,20,Male,CSE,1,94.1,31.2,31.7,27.7,24.2,5.23,12.6,6.0,11.4,48.3,Needs Improvement
STU0613,21,Female,ECE,3,52.2,22.6,71.7,58.3,90.7,3.77,6.4,7.9,9.4,45.7,Needs Improvement
STU0614,21,Female,CSE,3,44.0,10.4,38.6,54.1,89.0,6.1,4.9,5.7,7.9,46.1,Needs Improvement
STU0615,19,Female,CIVIL,4,92.6,27.8,32.5,91.6,55.5,6.39,0.2,7.4,6.2,59.8,Needs Improvement
STU0616,20,Female,IT,3,63.4,22.7,74.7,94.1,66.9,5.965,4.7,8.6,2.0,65.8,Average
STU0617,21,Male,CSE,4,72.5,31.8,67.5,47.6,98.1,6.52,2.8,9.6,11.7,60.5,Average
STU0618,18,Male,MECH,4,98.1,29.4,80.4,56.8,62.6,9.59,12.2,5.6,4.5,64.8,Average
STU0619,18,Female,IT,2,44.0,24.4,44.8,91.2,92.4,9.22,3.3,6.0,1.3,69.2,Average
STU0620,22,Male,CSE,3,78.9,19.75,55.8,83.6,26.6,9.01,10.6,6.8,5.9,63.6,Average
STU0621,20,Male,IT,1,44.4,5.3,52.4,15.3,35.3,8.41,11.8,9.6,10.5,40.0,Needs Improvement
STU0622,20,Male,IT,2,62.5,10.5,98.7,42.2,55.3,9.55,6.0,9.4,10.6,58.5,Needs Improvement
STU0623,22,Male,IT,4,88.2,16.8,43.4,50.9,66.8,2.79,0.7,4.5,0.1,39.7,Needs Improvement
STU0624,21,Male,CIVIL,4,66.0,24.0,43.6,34.5,85.3,4.12,0.7,4.8,10.6,42.7,Needs Improvement
STU0625,20,Female,MECH,1,99.8,20.5,48.4,32.0,99.1,5.96,0.5,7.0,3.3,50.4,Needs Improvement
STU0626,18,Male,EEE,4,73.5,11.5,65.2,18.2,51.1,8.77,14.8,4.6,0.5,53.0,Needs Improvement
STU0627,18,Male,EEE,3,59.3,19.75,40.2,69.7,23.8,6.04,6.4,6.1,10.2,40.5,Needs Improvement
STU0628,19,Male,CSE,2,53.2,19.8,93.2,37.3,84.1,7.98,15.9,4.9,10.4,49.0,Needs Improvement
STU0629,20,Male,IT,4,61.0,11.4,41.3,19.4,68.4,3.11,8.6,7.8,7.2,28.1,Needs Improvement
STU0630,21,Female,CSE,4,62.4,29.4,91.7,34.6,35.9,4.02,9.1,9.7,6.9,47.7,Needs Improvement
STU0631,22,Female,CIVIL,1,44.1,1.0,28.3,83.2,59.6,7.85,10.3,10.0,9.8,46.7,Needs Improvement
STU0632,22,Female,CIVIL,3,62.2,23.4,72.5,87.4,79.4,3.32,14.3,6.3,9.4,49.2,Needs Improvement
STU0633,21,Female,ECE,4,69.55,37.7,59.0,56.1,81.6,4.81,5.5,7.6,10.7,52.2,Needs Improvement
STU0634,24,Male,CIVIL,1,83.4,7.0,33.5,50.4,60.0,4.12,2.4,9.1,6.6,37.9,Needs Improvement
STU0635,23,Female,ECE,4,79.4,18.9,97.5,98.1,44.4,4.8,11.1,4.7,11.6,66.1,Average
STU0636,19,Male,MECH,1,82.5,3.7,56.2,32.0,97.9,7.67,6.5,8.1,12.0,45.6,Needs Improvement
STU0637,22,Male,CSE,1,40.5,25.0,95.7,33.3,73.1,4.94,8.8,6.5,1.4,57.4,Needs Improvement
STU0638,20,Male,MECH,3,53.1,22.0,74.1,39.8,52.7,6.44,12.9,5.2,10.2,45.1,Needs Improvement
STU0639,19,Male,CIVIL,4,79.7,16.3,44.1,29.7,42.4,2.8,9.9,6.4,6.0,31.5,Needs Improvement
STU0640,20,Male,MECH,3,69.0,20.9,35.1,47.2,78.5,8.44,12.4,4.5,4.7,55.5,Needs Improvement
STU0641,24,Female,MECH,1,40.3,35.9,44.3,92.4,39.4,4.96,10.9,8.2,7.4,49.6,Needs Improvement
STU0642,18,Female,MECH,2,88.3,7.9,27.4,67.3,33.7,7.19,14.8,5.5,0.7,49.7,Needs Improvement
STU0643,19,Female,CIVIL,4,86.4,0.9,59.0,50.0,62.4,7.8,14.1,5.9,6.1,50.4,Needs Improvement
STU0644,22,Female,IT,2,72.9,34.5,28.4,94.4,43.2,3.68,10.7,4.7,10.5,46.1,Needs Improvement
STU0645,19,Male,MECH,4,44.0,23.1,53.8,19.1,70.3,5.965,13.6,9.2,2.6,50.6,Needs Improvement
STU0646,19,Female,ECE,3,86.0,35.6,83.6,32.9,29.4,6.93,17.5,7.0,5.1,59.1,Needs Improvement
STU0647,19,Male,CIVIL,3,75.0,23.9,31.3,63.1,72.4,5.43,8.6,7.4,11.3,39.9,Needs Improvement
STU0648,23,Female,MECH,3,86.9,32.4,30.4,67.3,42.7,3.46,8.3,7.4,5.1,40.5,Needs Improvement
STU0649,19,Male,IT,3,85.1,17.2,71.5,18.4,20.0,9.54,15.3,6.5,4.3,49.0,Needs Improvement
STU0650,20,Male,CIVIL,3,88.2,30.0,35.8,49.3,30.2,8.04,11.7,5.2,5.3,46.6,Needs Improvement
STU0651,18,Female,EEE,2,71.1,36.5,27.8,70.2,94.7,3.66,1.4,8.5,6.2,49.9,Needs Improvement
STU0652,24,Male,IT,3,48.4,22.9,33.3,74.3,89.4,4.7,17.8,4.8,7.6,49.2,Needs Improvement
STU0653,21,Male,ECE,1,80.3,7.2,93.9,69.2,38.7,8.48,0.6,4.6,9.6,50.1,Needs Improvement
STU0654,19,Female,MECH,1,77.2,10.8,85.7,42.2,82.3,7.57,15.0,8.3,5.4,56.4,Needs Improvement
STU0655,22,Male,EEE,2,84.5,7.9,48.3,22.9,68.7,8.13,15.2,5.3,9.8,45.9,Needs Improvement
STU0656,19,Female,EEE,4,50.2,9.9,72.5,51.3,97.7,5.53,19.1,5.8,6.4,49.0,Needs Improvement
STU0657,22,Female,CIVIL,1,51.7,12.3,63.0,25.9,49.9,7.73,1.1,6.9,4.1,40.5,Needs Improvement
STU0658,20,Female,EEE,4,93.4,22.2,74.2,95.5,74.5,5.09,11.9,6.7,7.9,60.3,Average
STU0659,22,Male,ECE,2,85.0,23.5,74.6,55.4,25.1,3.69,8.6,8.3,8.6,41.1,Needs Improvement
STU0660,21,Male,ECE,4,94.5,17.1,59.0,42.0,51.7,7.06,6.6,7.7,6.7,52.8,Needs Improvement
STU0661,18,Male,CSE,4,85.5,24.6,41.3,80.1,97.1,9.81,1.8,7.9,0.7,62.3,Average
STU0662,22,Female,ECE,4,75.8,3.3,23.1,57.3,63.1,4.48,11.3,8.3,2.0,40.9,Needs Improvement
STU0663,22,Male,IT,4,79.2,3.5,56.4,41.4,43.0,5.69,9.6,5.8,3.4,41.3,Needs Improvement
STU0664,18,Female,EEE,2,93.3,6.9,91.3,84.0,29.6,7.39,2.1,5.9,3.4,61.6,Average
STU0665,21,Female,ECE,1,74.7,20.7,65.6,88.7,76.3,6.33,12.2,6.6,8.1,61.6,Average
STU0666,19,Male,CIVIL,3,77.9,8.6,86.6,72.2,71.6,8.75,14.8,5.8,0.2,67.1,Average
STU0667,22,Female,CSE,4,49.4,11.3,99.3,19.0,49.9,8.09,15.3,9.9,9.1,54.4,Needs Improvement
STU0668,18,Male,EEE,1,68.4,16.0,33.1,63.1,96.1,2.47,18.1,8.9,3.2,42.3,Needs Improvement
STU0669,20,Male,CSE,1,83.0,32.5,75.3,79.9,21.8,9.99,8.2,5.0,3.7,70.8,Average
STU0670,18,Male,EEE,2,56.3,0.6,73.9,26.6,44.3,8.02,19.1,4.0,6.3,51.5,Needs Improvement
STU0671,20,Male,CIVIL,1,52.1,26.0,98.4,34.4,93.7,8.91,17.3,4.3,2.6,64.4,Average
STU0672,21,Male,CSE,2,58.8,26.8,98.8,90.0,45.7,5.965,5.9,5.5,10.6,62.0,Average
STU0673,19,Female,MECH,4,54.5,31.9,74.9,16.7,40.2,8.85,3.2,4.7,1.0,54.8,Needs Improvement
STU0674,18,Female,IT,4,52.9,19.75,39.5,79.0,62.7,2.9,8.7,7.2,5.3,47.2,Needs Improvement
STU0675,24,Female,IT,3,65.5,0.8,83.9,55.3,85.9,4.78,8.0,9.1,10.2,54.7,Needs Improvement
STU0676,24,Male,EEE,3,94.5,6.2,28.6,53.0,28.3,9.01,11.5,8.4,7.4,55.0,Needs Improvement
STU0677,23,Male,MECH,3,70.4,35.4,82.5,15.6,95.4,3.61,11.7,5.3,3.5,51.7,Needs Improvement
STU0678,22,Male,CSE,1,51.3,18.3,92.8,84.6,83.6,2.63,15.0,6.4,5.0,53.1,Needs Improvement
STU0679,21,Female,MECH,4,44.6,22.6,50.6,45.6,34.5,8.3,10.2,7.0,8.5,49.1,Needs Improvement
STU0680,18,Male,MECH,2,81.8,26.5,70.5,61.0,77.0,8.68,2.1,8.9,11.7,64.3,Average
STU0681,24,Female,CSE,3,63.0,27.2,54.4,72.6,50.8,5.965,17.2,9.0,10.7,38.6,Needs Improvement
STU0682,22,Female,CIVIL,2,89.3,37.3,55.0,74.7,52.2,8.83,6.2,9.5,4.1,71.9,Average
STU0683,24,Male,MECH,2,79.6,39.9,44.8,96.3,82.7,7.49,19.4,7.1,12.0,55.6,Needs Improvement
STU0684,18,Male,MECH,3,87.8,28.8,81.0,60.2,97.0,6.16,2.4,8.2,0.0,69.0,Average
STU0685,20,Female,CIVIL,4,56.3,11.5,94.9,49.0,30.1,8.64,19.2,4.7,0.3,58.8,Needs Improvement
STU0686,18,Male,MECH,3,81.5,35.2,95.3,96.1,53.7,5.35,1.8,7.4,9.9,62.2,Average
STU0687,23,Female,MECH,2,55.8,2.0,34.0,69.6,58.5,3.55,4.6,5.5,2.4,42.0,Needs Improvement
STU0688,18,Male,MECH,3,96.3,9.2,90.0,40.3,50.1,4.28,0.9,6.6,0.7,53.2,Needs Improvement
STU0689,18,Male,IT,2,78.2,35.9,79.0,25.7,49.1,5.965,14.1,7.8,2.8,45.9,Needs Improvement
STU0690,23,Female,ECE,2,59.5,10.2,40.2,86.6,24.2,6.25,17.0,5.5,5.1,55.0,Needs Improvement
STU0691,21,Male,CIVIL,3,56.2,8.8,25.4,45.8,74.8,8.44,8.7,4.3,8.8,46.8,Needs Improvement
STU0692,18,Female,MECH,1,51.5,5.5,41.4,71.1,54.9,8.33,18.6,4.1,7.5,62.1,Average
STU0693,23,Male,IT,3,81.7,34.4,93.0,55.0,35.6,6.65,11.8,4.1,2.9,63.0,Average
STU0694,22,Female,CIVIL,1,53.1,20.0,70.7,31.9,85.3,8.25,12.6,4.1,6.0,54.0,Needs Improvement
STU0695,20,Female,EEE,2,75.7,27.0,77.7,66.1,84.2,3.53,16.9,4.7,11.1,47.5,Needs Improvement
STU0696,20,Male,EEE,2,55.9,9.6,40.6,20.2,58.9,2.4,5.9,5.4,9.8,26.9,Needs Improvement
STU0697,18,Female,MECH,1,79.7,30.3,77.6,50.1,43.9,8.99,7.1,5.3,3.9,62.4,Average
STU0698,21,Male,IT,2,88.9,30.4,22.2,61.5,71.0,2.6,18.1,9.9,11.8,48.8,Needs Improvement
STU0699,21,Male,IT,1,86.7,12.5,50.0,52.1,43.1,3.97,18.0,5.8,8.5,47.9,Needs Improvement
STU0700,22,Male,CIVIL,1,85.7,16.4,70.1,78.6,38.9,7.56,19.5,4.8,0.7,63.6,Average
STU0701,18,Female,CIVIL,2,51.3,8.4,31.7,85.4,78.4,5.28,18.0,7.3,0.4,59.5,Needs Improvement
STU0702,20,Female,IT,4,45.3,39.1,85.8,80.6,23.2,9.01,2.5,9.1,2.0,55.4,Needs Improvement
STU0703,21,Male,CIVIL,1,81.9,25.8,38.8,18.3,27.6,4.38,16.5,8.1,8.7,37.8,Needs Improvement
STU0704,18,Male,IT,3,62.1,37.4,72.2,31.5,20.5,2.09,8.2,5.8,2.2,44.0,Needs Improvement
STU0705,24,Female,ECE,3,65.9,12.1,52.4,60.6,32.2,4.41,19.8,7.4,6.1,45.3,Needs Improvement
STU0706,21,Male,IT,2,69.55,31.3,67.7,94.5,25.5,6.62,9.4,8.3,1.1,51.4,Needs Improvement
STU0707,23,Male,EEE,4,55.6,19.75,28.6,86.0,99.7,5.01,11.1,8.4,11.1,58.6,Needs Improvement
STU0708,24,Female,CIVIL,2,42.0,27.7,59.0,86.6,43.1,6.28,10.6,8.0,4.1,52.6,Needs Improvement
STU0709,21,Male,IT,4,92.8,38.6,92.8,40.8,31.9,9.01,6.4,9.2,10.9,64.0,Average
STU0710,20,Female,IT,1,54.6,15.7,41.6,51.5,39.3,9.3,1.5,9.2,11.3,50.3,Needs Improvement
STU0711,19,Male,CIVIL,1,73.4,5.2,59.0,55.0,94.9,4.13,17.9,7.5,0.1,64.3,Average
STU0712,24,Female,ECE,1,42.3,26.9,99.9,28.4,61.6,5.7,16.1,6.6,5.6,51.6,Needs Improvement
STU0713,22,Male,ECE,1,80.0,29.2,36.9,17.6,49.2,6.39,2.8,7.8,0.3,44.6,Needs Improvement
STU0714,22,Male,CIVIL,3,59.4,23.0,41.2,95.5,89.9,9.59,15.5,8.9,10.9,61.2,Average
STU0715,20,Female,CSE,3,93.9,8.3,73.0,35.5,51.6,9.99,12.5,4.0,6.2,62.5,Average
STU0716,21,Male,CIVIL,2,93.3,20.2,97.2,35.4,46.8,3.88,8.2,10.0,0.9,57.1,Needs Improvement
STU0717,18,Female,CIVIL,4,59.5,12.5,93.3,22.1,36.6,7.82,5.1,5.1,1.3,51.5,Needs Improvement
STU0718,21,Male,ECE,1,94.1,17.1,60.2,93.9,50.2,5.02,17.2,6.8,4.6,54.8,Needs Improvement
STU0719,20,Female,ECE,1,99.8,25.8,83.6,64.3,45.3,2.06,14.0,9.2,11.3,54.5,Needs Improvement
STU0720,22,Female,CIVIL,4,69.55,29.8,30.9,71.7,74.2,2.07,11.0,5.4,8.3,39.2,Needs Improvement
STU0721,21,Female,CIVIL,4,90.7,19.75,98.2,92.5,43.2,5.68,12.2,6.9,10.4,69.9,Average
STU0722,22,Female,CIVIL,2,54.9,16.2,97.1,44.4,66.2,5.91,1.8,4.8,4.4,49.0,Needs Improvement
STU0723,24,Male,ECE,4,74.6,10.8,33.1,67.8,25.3,2.18,9.5,6.4,0.5,31.0,Needs Improvement
STU0724,18,Male,CIVIL,1,44.0,7.9,44.0,18.3,35.3,7.5,3.9,5.1,11.7,29.7,Needs Improvement
STU0725,24,Female,CIVIL,1,45.7,31.3,28.0,30.9,52.6,4.35,4.2,6.2,0.2,32.3,Needs Improvement
STU0726,22,Female,MECH,1,99.9,36.4,41.7,85.7,95.0,6.48,13.2,6.2,11.4,60.9,Average
STU0727,22,Female,CSE,1,59.6,14.8,59.0,80.2,50.2,4.41,18.2,10.0,4.4,51.5,Needs Improvement
STU0728,19,Male,EEE,1,84.9,30.1,50.3,44.8,73.1,3.34,8.1,10.0,0.1,54.1,Needs Improvement
STU0729,19,Male,CSE,2,88.4,35.9,27.1,47.0,40.4,5.26,4.2,4.7,8.3,48.2,Needs Improvement
STU0730,24,Male,MECH,1,91.5,33.8,47.4,60.4,30.2,3.86,13.0,8.4,11.8,43.4,Needs Improvement
STU0731,23,Male,EEE,2,99.9,7.3,98.5,15.0,24.7,6.28,17.4,4.3,11.6,60.9,Average
STU0732,24,Female,CIVIL,1,54.5,38.3,70.4,35.5,44.4,3.59,15.0,4.2,1.9,42.0,Needs Improvement
STU0733,19,Female,MECH,3,42.4,15.1,53.3,32.7,32.6,6.07,17.4,4.6,2.2,39.7,Needs Improvement
STU0734,22,Female,CIVIL,3,64.7,13.6,33.3,36.3,33.9,3.26,10.7,9.8,6.8,26.7,Needs Improvement
STU0735,20,Male,ECE,3,47.8,2.5,98.9,83.5,80.9,7.37,15.0,9.6,7.6,61.9,Average
STU0736,24,Male,IT,3,41.3,19.4,85.7,38.8,21.3,8.03,2.8,5.2,8.9,49.4,Needs Improvement
STU0737,22,Male,MECH,2,61.6,4.4,42.5,31.3,64.6,2.88,7.0,5.0,2.2,28.4,Needs Improvement
STU0738,20,Female,ECE,2,87.0,9.9,25.6,57.9,50.4,5.74,7.8,5.4,11.5,40.1,Needs Improvement
STU0739,20,Female,MECH,4,74.0,12.7,24.5,88.6,60.5,2.57,10.2,7.1,7.7,43.6,Needs Improvement
STU0740,19,Male,MECH,1,58.8,32.4,29.6,35.5,65.0,6.79,18.6,7.4,10.2,41.7,Needs Improvement
STU0741,24,Female,ECE,3,69.55,35.0,66.5,21.7,45.1,4.12,17.5,5.3,6.5,38.8,Needs Improvement
STU0742,21,Male,EEE,2,53.9,12.1,94.3,45.3,43.6,6.22,2.7,8.5,5.0,55.0,Needs Improvement
STU0743,18,Male,CSE,1,69.55,34.3,59.7,78.6,78.7,6.14,3.5,5.9,11.7,47.1,Needs Improvement
STU0744,19,Female,CIVIL,1,85.9,34.3,87.4,61.8,89.7,9.39,7.2,9.5,7.0,66.7,Average
STU0745,19,Male,MECH,2,77.4,30.6,55.7,84.4,35.4,6.39,5.8,7.9,10.4,56.0,Needs Improvement
STU0746,21,Female,CIVIL,3,85.7,5.9,76.7,96.6,27.8,6.66,12.3,6.6,11.4,61.1,Average
STU0747,18,Male,IT,4,42.3,27.6,78.5,82.4,91.8,5.21,18.1,8.7,8.1,58.9,Needs Improvement
STU0748,22,Female,ECE,1,69.55,37.8,33.9,66.3,48.0,9.59,19.2,8.9,6.6,61.2,Average
STU0749,23,Female,CIVIL,4,77.2,27.3,48.9,56.9,64.1,8.22,13.1,5.7,0.0,58.1,Needs Improvement
STU0750,24,Female,ECE,3,73.8,13.3,71.0,18.4,48.8,4.28,16.8,6.0,0.5,47.0,Needs Improvement
STU0751,23,Male,CIVIL,3,77.5,20.0,25.7,98.7,30.1,8.75,10.5,9.6,2.4,65.0,Average
STU0752,22,Male,CSE,4,91.9,25.8,48.9,47.6,67.1,5.46,4.2,5.0,2.2,52.0,Needs Improvement
STU0753,19,Female,CSE,3,75.2,20.4,62.8,27.9,62.0,8.63,10.5,4.3,3.1,53.0,Needs Improvement
STU0754,18,Female,CSE,1,74.9,4.8,99.7,71.7,36.2,8.58,11.1,6.7,3.7,63.3,Average
STU0755,19,Male,CSE,4,99.4,12.5,58.0,39.2,56.1,3.51,14.8,8.8,4.3,41.2,Needs Improvement
STU0756,20,Male,CSE,3,85.4,32.1,85.3,64.8,83.8,7.61,4.4,8.6,5.0,66.8,Average
STU0757,19,Male,CSE,4,66.5,34.5,54.6,64.9,67.2,4.33,7.4,9.5,1.2,50.5,Needs Improvement
STU0758,19,Female,ECE,1,82.4,5.5,83.7,52.9,27.8,4.38,7.3,7.2,0.5,48.0,Needs Improvement
STU0759,22,Male,MECH,3,63.4,38.1,59.0,86.1,63.8,4.37,19.2,4.6,8.1,52.1,Needs Improvement
STU0760,22,Male,CIVIL,1,53.7,13.2,90.9,37.5,76.2,7.8,8.9,7.5,6.4,58.2,Needs Improvement
STU0761,22,Female,CSE,3,75.8,26.5,52.9,53.1,83.4,3.84,15.1,8.7,5.3,53.1,Needs Improvement
STU0762,23,Male,ECE,2,95.7,30.1,68.3,60.7,70.3,2.01,15.0,4.6,7.6,45.7,Needs Improvement
STU0763,20,Male,ECE,3,95.7,32.5,70.4,71.4,32.2,7.72,5.3,5.0,9.9,55.8,Needs Improvement
STU0764,22,Male,ECE,4,60.5,37.8,53.4,81.6,76.8,3.37,11.4,4.1,5.1,54.5,Needs Improvement
STU0765,18,Female,MECH,3,71.7,12.5,31.5,48.6,74.2,2.84,17.9,7.6,7.7,38.6,Needs Improvement
STU0766,23,Female,CIVIL,1,52.7,34.3,59.0,69.9,22.0,3.9,9.5,9.3,11.4,36.5,Needs Improvement
STU0767,21,Female,MECH,1,99.7,5.3,21.3,27.8,52.9,5.04,18.9,8.0,10.1,44.1,Needs Improvement
STU0768,18,Female,EEE,3,98.9,28.2,89.9,94.3,46.6,5.81,4.3,9.9,5.1,63.8,Average
STU0769,24,Female,ECE,4,79.0,29.7,38.9,47.6,73.6,2.36,1.5,4.4,7.7,29.9,Needs Improvement
STU0770,24,Female,EEE,2,88.3,27.1,36.9,77.0,37.3,9.76,17.8,9.4,2.1,60.6,Average
STU0771,18,Female,IT,4,82.9,10.1,78.9,16.7,67.3,7.73,17.0,8.9,6.7,60.4,Average
STU0772,22,Male,CSE,2,75.6,34.9,45.6,32.4,93.1,4.59,19.9,5.9,11.8,43.2,Needs Improvement
STU0773,21,Male,CSE,1,43.2,6.8,60.5,56.4,83.8,4.55,13.6,9.8,6.2,43.1,Needs Improvement
STU0774,21,Female,MECH,4,67.3,2.1,59.0,89.7,93.7,5.59,18.7,5.7,11.1,50.2,Needs Improvement
STU0775,23,Male,CIVIL,2,80.5,28.7,96.8,59.8,98.3,7.01,16.5,9.3,4.9,72.5,Average
STU0776,21,Male,EEE,3,80.7,19.0,88.1,94.0,20.9,3.17,16.9,9.3,12.0,50.3,Needs Improvement
STU0777,24,Female,CIVIL,1,62.4,34.0,89.1,56.1,69.8,3.51,11.4,8.5,7.0,54.5,Needs Improvement
STU0778,20,Male,MECH,3,96.5,15.3,52.5,56.7,53.0,8.88,7.6,7.4,0.5,60.5,Average
STU0779,22,Male,CSE,1,50.0,6.7,81.0,25.2,88.8,4.05,18.7,4.7,7.0,44.3,Needs Improvement
STU0780,21,Male,CIVIL,4,70.0,33.5,31.5,83.2,40.1,5.04,8.6,7.2,3.3,51.5,Needs Improvement
STU0781,23,Male,CIVIL,4,69.55,22.0,20.7,36.0,98.5,8.97,10.8,6.1,0.4,54.6,Needs Improvement
STU0782,24,Male,CSE,1,81.8,7.6,21.6,91.5,69.1,7.31,8.9,8.8,9.9,55.8,Needs Improvement
STU0783,20,Female,EEE,1,78.9,28.8,66.9,92.4,83.5,4.73,11.3,8.5,3.3,59.1,Needs Improvement
STU0784,19,Female,CSE,1,56.5,20.4,56.4,95.2,26.8,7.47,9.4,9.5,9.6,48.9,Needs Improvement
STU0785,19,Female,CIVIL,4,49.4,24.2,61.4,59.2,34.7,2.16,1.0,4.1,3.5,38.0,Needs Improvement
STU0786,20,Male,EEE,2,78.2,18.4,20.6,72.6,80.7,7.89,17.6,8.9,2.3,51.4,Needs Improvement
STU0787,24,Female,EEE,3,76.0,33.1,53.8,81.2,21.8,5.9,8.9,9.6,11.7,54.9,Needs Improvement
STU0788,23,Male,CSE,3,50.8,33.2,77.4,26.1,85.4,8.51,11.8,8.7,4.3,57.9,Needs Improvement
STU0789,20,Male,CIVIL,4,82.3,28.4,55.4,66.1,21.1,9.64,2.8,4.8,7.2,66.2,Average
STU0790,22,Male,MECH,3,67.3,4.2,78.6,17.9,72.6,9.41,0.1,4.5,7.3,51.3,Needs Improvement
STU0791,22,Male,CIVIL,1,80.1,33.6,38.6,57.3,49.2,9.27,4.9,4.1,6.7,57.3,Needs Improvement
STU0792,19,Female,ECE,2,90.2,26.8,85.1,28.2,68.9,6.1,14.1,7.8,11.0,45.4,Needs Improvement
STU0793,21,Female,IT,3,50.2,27.9,67.1,30.5,75.7,4.88,2.0,7.8,8.1,39.1,Needs Improvement
STU0794,23,Male,MECH,2,41.1,14.5,36.9,46.0,47.4,5.72,18.2,9.9,4.8,32.6,Needs Improvement
STU0795,19,Female,EEE,1,86.7,35.2,38.9,51.8,28.6,7.52,4.3,6.4,10.3,55.7,Needs Improvement
STU0796,21,Male,MECH,3,76.6,29.0,70.2,68.0,25.6,9.07,4.1,6.0,2.2,60.2,Average
STU0797,21,Female,EEE,4,82.0,4.5,86.4,21.3,67.1,3.66,3.6,7.7,6.5,49.5,Needs Improvement
STU0798,22,Female,EEE,2,90.3,16.3,53.3,57.8,61.7,9.35,0.3,9.0,11.4,46.0,Needs Improvement
STU0799,24,Male,MECH,1,88.2,35.5,40.7,30.5,79.4,8.52,15.4,9.6,7.5,64.4,Average
STU0800,18,Female,EEE,2,97.7,1.9,89.4,63.8,60.8,9.83,17.5,8.8,9.8,65.9,Average
STU0801,24,Male,EEE,3,72.2,38.5,73.5,69.2,53.8,9.04,12.3,6.6,7.8,66.5,Average
STU0802,18,Female,ECE,3,69.3,27.2,55.8,62.3,51.8,4.24,3.8,7.8,10.1,40.7,Needs Improvement
STU0803,20,Male,CIVIL,4,64.1,25.3,59.0,77.8,22.1,2.85,5.7,9.1,11.3,44.5,Needs Improvement
STU0804,22,Male,CIVIL,1,49.2,10.8,36.3,43.5,46.8,2.9,9.5,6.9,3.3,31.6,Needs Improvement
STU0805,21,Female,IT,1,74.4,10.0,70.1,80.0,98.1,4.33,19.1,5.3,2.0,50.8,Needs Improvement
STU0806,23,Female,IT,4,56.6,37.7,48.7,51.8,89.9,6.91,4.9,5.0,5.8,48.5,Needs Improvement
STU0807,18,Male,ECE,4,95.3,11.9,99.7,56.2,46.4,8.43,14.6,4.0,8.4,55.7,Needs Improvement
STU0808,24,Female,IT,1,75.0,31.0,58.4,70.1,67.0,9.19,8.8,8.3,2.7,68.0,Average
STU0809,21,Female,MECH,2,75.6,15.7,58.9,16.6,87.8,6.99,6.0,4.7,0.0,47.7,Needs Improvement
STU0810,18,Male,CSE,2,61.3,5.6,65.3,70.6,55.3,2.05,9.1,5.5,4.1,33.2,Needs Improvement
STU0811,18,Male,CSE,4,43.1,0.4,93.3,67.6,21.4,3.49,1.4,5.8,11.6,41.2,Needs Improvement
STU0812,18,Female,CSE,2,41.9,21.8,84.1,41.3,26.0,2.8,16.0,7.4,8.3,26.0,Needs Improvement
STU0813,23,Male,ECE,1,65.4,39.0,56.1,22.3,60.8,4.91,4.9,6.4,4.8,51.1,Needs Improvement
STU0814,22,Male,ECE,3,45.1,14.8,77.5,22.7,97.6,6.01,14.5,8.0,2.3,59.5,Needs Improvement
STU0815,23,Male,EEE,3,76.4,14.3,66.9,93.5,75.5,2.35,1.4,4.3,4.3,44.6,Needs Improvement
STU0816,19,Female,CSE,2,69.55,19.75,59.4,73.6,25.7,4.79,19.1,4.7,2.0,55.8,Needs Improvement
STU0817,21,Female,MECH,4,93.0,20.8,35.4,25.8,35.1,3.43,3.9,7.0,1.3,39.6,Needs Improvement
STU0818,22,Male,IT,4,79.5,17.6,57.1,45.3,81.7,7.18,17.7,6.0,10.9,50.0,Needs Improvement
STU0819,22,Female,MECH,4,52.7,35.2,39.7,65.4,87.3,5.71,16.2,5.8,12.0,47.0,Needs Improvement
STU0820,22,Male,IT,4,91.8,20.2,93.2,86.0,69.4,5.965,19.4,4.4,2.0,69.1,Average
STU0821,24,Female,CSE,4,93.2,20.3,46.8,18.7,71.6,5.42,9.6,9.4,0.7,47.7,Needs Improvement
STU0822,22,Male,CSE,2,51.8,5.5,96.2,35.1,22.3,9.65,14.5,8.2,4.0,42.0,Needs Improvement
STU0823,23,Male,CSE,3,84.2,39.3,62.6,90.6,86.3,3.72,7.4,4.7,5.5,69.2,Average
STU0824,22,Female,ECE,3,57.2,10.0,70.5,15.8,83.1,6.13,3.7,4.4,2.5,47.9,Needs Improvement
STU0825,20,Male,IT,2,88.2,2.9,63.4,32.1,40.7,7.89,8.9,9.8,3.6,51.3,Needs Improvement
STU0826,21,Female,ECE,4,99.8,26.5,30.4,96.5,76.7,6.45,3.3,8.1,2.4,59.6,Needs Improvement
STU0827,22,Female,ECE,2,41.8,23.8,50.1,67.1,37.2,9.43,19.6,6.5,9.3,52.8,Needs Improvement
STU0828,21,Male,CIVIL,3,93.8,16.6,27.9,37.2,23.2,5.02,1.9,8.2,8.6,44.9,Needs Improvement
STU0829,20,Male,MECH,1,77.4,16.9,69.8,20.7,36.1,5.71,11.8,8.5,7.6,44.7,Needs Improvement
STU0830,20,Female,MECH,2,98.4,31.4,55.7,17.4,34.3,5.965,12.5,8.7,4.6,40.9,Needs Improvement
STU0831,21,Male,EEE,4,67.9,7.8,82.2,35.8,47.0,6.87,10.8,6.9,10.9,41.4,Needs Improvement
STU0832,18,Male,ECE,3,90.8,32.8,37.6,89.9,53.5,4.31,13.2,6.6,11.6,49.4,Needs Improvement
STU0833,19,Male,IT,3,69.55,25.9,33.2,50.4,60.7,3.28,2.3,4.1,2.1,38.1,Needs Improvement
STU0834,24,Male,CIVIL,3,60.1,16.8,52.5,76.2,58.1,6.36,11.1,9.6,2.7,58.3,Needs Improvement
STU0835,18,Male,CIVIL,3,44.0,18.3,94.1,93.1,41.7,6.26,5.7,7.6,6.3,56.4,Needs Improvement
STU0836,18,Female,MECH,4,98.5,10.3,76.8,49.7,22.3,2.61,18.8,5.2,1.1,48.3,Needs Improvement
STU0837,23,Female,ECE,1,89.0,30.1,53.5,31.3,68.4,7.59,15.2,9.5,5.2,49.7,Needs Improvement
STU0838,24,Male,EEE,3,91.2,20.5,61.4,59.0,51.7,6.99,19.5,9.5,7.0,56.9,Needs Improvement
STU0839,24,Male,ECE,2,96.3,12.8,26.7,92.2,43.9,3.51,0.8,9.9,6.3,47.2,Needs Improvement
STU0840,18,Male,CSE,1,45.1,23.8,98.8,83.4,89.4,5.76,5.7,9.2,4.0,55.7,Needs Improvement
STU0841,22,Female,ECE,3,63.1,39.8,73.3,20.6,79.7,7.76,3.9,10.0,6.5,55.8,Needs Improvement
STU0842,23,Male,CSE,1,44.3,17.4,42.8,73.9,88.6,6.24,0.2,5.5,11.5,46.2,Needs Improvement
STU0843,23,Female,CSE,2,69.55,36.8,66.9,63.6,59.6,5.16,4.8,9.1,2.5,61.0,Average
STU0844,20,Female,EEE,3,53.8,13.8,28.8,92.1,30.5,4.58,13.6,8.9,7.9,41.4,Needs Improvement
STU0845,24,Female,IT,2,68.1,2.2,97.3,25.4,75.7,6.88,4.6,5.4,0.5,55.6,Needs Improvement
STU0846,18,Male,MECH,4,56.1,8.2,34.0,60.4,36.5,9.51,10.2,4.6,0.8,46.3,Needs Improvement
STU0847,20,Female,ECE,3,46.1,16.7,71.8,89.8,55.3,7.37,17.8,9.9,6.6,60.4,Average
STU0848,21,Male,CSE,3,50.0,8.8,39.6,49.9,25.2,2.6,13.9,5.8,1.3,30.4,Needs Improvement
STU0849,19,Female,ECE,3,48.8,0.0,77.4,56.0,86.0,5.965,7.9,9.2,0.3,49.1,Needs Improvement
STU0850,23,Male,IT,3,98.4,36.6,82.1,21.0,30.1,9.13,7.4,4.0,2.1,73.8,Average
STU0851,21,Female,MECH,4,85.6,33.8,73.9,38.6,92.2,2.76,9.1,4.1,6.8,46.2,Needs Improvement
STU0852,21,Male,IT,3,98.1,29.7,69.2,42.6,89.1,9.91,3.5,6.8,8.4,65.6,Average
STU0853,22,Female,MECH,1,66.4,6.7,91.4,95.3,57.2,9.59,12.7,5.4,2.4,74.7,Average
STU0854,19,Male,CIVIL,3,56.7,4.8,26.3,39.0,79.5,2.63,7.3,8.1,8.0,28.4,Needs Improvement
STU0855,21,Male,MECH,4,87.9,2.7,46.5,54.2,69.6,9.47,17.0,7.4,2.2,61.7,Average
STU0856,21,Male,EEE,3,59.6,29.0,39.9,72.1,84.2,4.91,15.1,4.5,7.4,52.1,Needs Improvement
STU0857,19,Male,IT,1,58.0,37.2,99.0,28.8,54.5,5.965,12.2,5.0,4.9,60.7,Average
STU0858,19,Female,CSE,4,54.0,17.2,51.2,56.3,82.9,5.35,7.3,6.3,7.8,58.8,Needs Improvement
STU0859,21,Female,CIVIL,4,47.8,4.8,78.6,77.8,57.0,5.53,4.2,5.1,11.9,44.5,Needs Improvement
STU0860,19,Male,EEE,1,69.55,20.5,74.8,88.7,95.3,7.07,15.5,8.8,11.3,69.9,Average
STU0861,21,Female,ECE,1,61.3,14.0,37.0,68.2,58.9,5.965,9.7,6.5,0.1,57.9,Needs Improvement
STU0862,21,Male,IT,1,80.4,15.0,39.1,71.9,57.0,2.27,4.5,4.6,10.6,43.8,Needs Improvement
STU0863,22,Male,CSE,1,43.8,24.9,42.5,25.7,82.8,6.75,3.9,6.9,0.8,48.6,Needs Improvement
STU0864,18,Female,MECH,1,52.6,28.7,52.9,95.4,85.7,3.49,3.3,4.5,11.4,59.2,Needs Improvement
STU0865,21,Male,CSE,4,88.5,4.4,38.7,26.3,64.4,4.77,15.5,4.8,3.4,38.7,Needs Improvement
STU0866,20,Male,ECE,4,48.8,1.4,21.6,80.8,34.4,4.78,4.6,5.4,4.6,41.5,Needs Improvement
STU0867,23,Female,CIVIL,3,60.6,39.8,90.4,37.5,57.4,5.75,10.5,9.2,1.1,62.5,Average
STU0868,24,Male,CIVIL,3,91.9,9.3,97.2,94.4,97.4,4.67,9.0,9.5,1.3,64.9,Average
STU0869,18,Male,IT,2,49.3,2.2,47.3,76.2,80.2,2.86,11.6,9.0,8.7,46.4,Needs Improvement
STU0870,18,Male,CIVIL,3,45.0,7.6,47.1,79.1,84.9,3.17,17.5,6.0,11.3,41.4,Needs Improvement
STU0871,18,Male,IT,3,69.1,1.6,20.6,33.6,22.6,2.27,17.4,5.6,7.3,18.2,Needs Improvement
STU0872,22,Female,IT,1,58.1,15.7,74.4,52.7,57.4,5.76,9.0,7.3,8.6,41.6,Needs Improvement
STU0873,21,Female,IT,1,73.8,32.1,86.0,67.5,71.7,9.64,0.3,8.3,9.1,68.4,Average
STU0874,22,Female,MECH,3,88.2,13.6,31.7,80.4,86.4,2.93,8.5,10.0,3.2,54.5,Needs Improvement
STU0875,21,Male,EEE,2,48.2,17.8,32.8,23.8,23.9,9.57,12.1,4.8,0.5,34.8,Needs Improvement
STU0876,22,Male,IT,1,74.8,27.0,83.2,96.8,88.2,7.87,11.2,4.3,0.0,73.7,Average
STU0877,22,Female,IT,3,70.3,20.4,69.3,90.7,63.9,5.965,13.0,8.2,4.2,67.6,Average
STU0878,23,Male,EEE,3,48.6,34.5,23.6,38.0,35.8,7.16,3.1,9.0,2.9,38.0,Needs Improvement
STU0879,20,Male,CSE,4,77.4,34.6,69.8,84.9,45.4,8.61,12.9,9.1,0.7,65.6,Average
STU0880,22,Male,IT,2,56.4,0.4,44.7,59.1,42.6,2.86,3.7,8.1,2.2,40.0,Needs Improvement
STU0881,23,Male,MECH,4,69.3,31.1,49.5,54.3,62.5,6.04,15.0,9.7,1.5,58.1,Needs Improvement
STU0882,19,Female,CIVIL,2,44.9,18.4,81.6,41.7,24.1,7.58,6.8,7.1,11.0,55.0,Needs Improvement
STU0883,20,Female,CIVIL,1,67.6,39.6,84.9,64.4,32.7,6.69,14.2,9.5,1.7,57.6,Needs Improvement
STU0884,22,Female,ECE,2,58.4,19.3,52.0,77.0,85.0,8.66,1.0,9.8,6.5,58.0,Needs Improvement
STU0885,24,Male,ECE,3,89.3,39.5,95.8,49.9,30.6,2.58,8.2,9.1,7.1,57.7,Needs Improvement
STU0886,18,Female,CIVIL,3,43.4,30.2,52.5,68.5,38.7,7.53,14.1,5.9,6.5,48.0,Needs Improvement
STU0887,19,Female,CIVIL,2,65.1,9.9,81.7,74.4,56.3,6.27,4.5,5.2,1.2,59.9,Needs Improvement
STU0888,19,Male,MECH,2,67.5,21.5,58.7,75.4,61.4,5.03,15.9,7.3,3.8,64.0,Average
STU0889,23,Male,EEE,2,83.5,39.7,91.8,19.4,81.1,4.72,12.6,6.7,0.6,58.7,Needs Improvement
STU0890,19,Female,ECE,4,74.5,34.3,92.6,88.1,55.8,6.97,11.8,9.3,4.7,71.7,Average
STU0891,20,Female,EEE,2,80.0,3.9,27.0,54.0,83.2,9.13,7.1,4.6,2.3,62.0,Average
STU0892,22,Female,MECH,1,86.6,28.3,94.9,37.3,69.5,5.97,9.6,5.5,6.7,59.1,Needs Improvement
STU0893,22,Female,CIVIL,4,91.7,13.8,86.0,35.5,29.0,8.6,11.9,8.5,8.3,59.9,Needs Improvement
STU0894,24,Male,IT,4,58.8,0.3,83.3,56.1,32.5,5.22,9.4,4.6,6.4,43.1,Needs Improvement
STU0895,18,Female,EEE,2,72.3,16.1,36.1,90.4,55.0,2.82,14.0,5.9,5.2,50.8,Needs Improvement
STU0896,23,Female,CIVIL,1,90.4,9.4,84.4,47.2,51.8,2.49,8.7,6.3,4.6,46.9,Needs Improvement
STU0897,18,Male,CIVIL,4,99.4,32.8,88.0,78.7,79.5,2.41,4.0,7.7,10.1,49.1,Needs Improvement
STU0898,19,Female,CSE,3,93.4,13.5,43.1,23.2,66.5,5.04,4.3,4.9,2.6,44.8,Needs Improvement
STU0899,24,Male,EEE,4,62.3,33.1,96.2,55.5,51.1,4.7,0.1,9.2,8.8,42.1,Needs Improvement
STU0900,18,Male,IT,2,69.55,0.0,24.0,99.3,33.7,7.74,6.0,6.7,9.1,52.3,Needs Improvement
STU0901,20,Male,EEE,1,69.4,12.3,32.0,80.5,38.1,7.94,15.0,9.5,5.0,52.8,Needs Improvement
STU0902,22,Female,CIVIL,2,84.5,9.6,63.0,32.9,66.0,2.41,15.9,6.8,3.6,49.7,Needs Improvement
STU0903,19,Female,IT,3,69.6,9.3,66.1,57.6,53.9,3.77,4.0,5.7,5.6,46.8,Needs Improvement
STU0904,24,Male,MECH,3,69.0,19.75,71.6,34.9,61.2,4.19,19.2,4.9,1.1,48.0,Needs Improvement
STU0905,18,Female,CSE,3,90.3,7.5,21.4,49.8,33.7,6.38,10.0,4.0,0.6,39.2,Needs Improvement
STU0906,23,Female,CIVIL,2,61.7,22.2,96.8,81.3,73.0,3.16,18.3,7.2,1.3,60.2,Average
STU0907,20,Male,ECE,4,91.6,11.7,23.6,80.6,88.2,3.07,14.1,4.6,2.2,44.6,Needs Improvement
STU0908,20,Male,ECE,2,64.4,16.7,31.4,34.4,40.6,9.55,14.4,6.4,6.1,54.0,Needs Improvement
STU0909,18,Female,CSE,1,59.7,15.1,21.1,93.4,59.3,8.43,1.7,7.5,10.2,49.0,Needs Improvement
STU0910,22,Male,MECH,4,67.2,35.0,65.3,65.4,98.0,3.45,4.4,5.7,2.8,54.4,Needs Improvement
STU0911,18,Female,CIVIL,3,85.7,36.2,94.6,47.3,46.7,5.25,0.2,5.1,11.2,47.5,Needs Improvement
STU0912,19,Female,EEE,2,47.6,19.7,73.3,57.7,67.6,4.84,14.3,8.6,11.5,47.5,Needs Improvement
STU0913,18,Female,CSE,3,51.8,13.2,85.8,66.4,27.2,8.33,6.9,9.7,11.5,65.0,Average
STU0914,20,Female,MECH,3,97.1,4.3,21.1,62.6,68.5,6.08,15.7,4.6,10.1,49.7,Needs Improvement
STU0915,24,Male,EEE,1,50.5,19.75,63.4,56.3,27.2,3.02,6.8,4.9,4.4,41.2,Needs Improvement
STU0916,18,Male,ECE,4,74.1,2.4,56.8,57.9,96.7,7.91,16.4,9.8,0.9,47.9,Needs Improvement
STU0917,22,Male,ECE,1,74.8,11.9,59.9,30.0,77.3,5.18,2.6,4.2,6.8,41.7,Needs Improvement
STU0918,24,Male,EEE,1,69.4,11.9,25.8,84.1,83.1,4.1,3.5,9.9,6.7,50.3,Needs Improvement
STU0919,23,Female,CSE,1,78.7,12.8,74.8,61.0,76.3,5.0,6.8,4.0,10.2,48.3,Needs Improvement
STU0920,21,Female,ECE,3,53.8,6.6,60.3,26.1,67.2,5.98,8.2,9.2,12.0,48.0,Needs Improvement
STU0921,18,Male,CIVIL,1,73.2,31.3,81.2,80.1,56.0,4.74,7.0,5.8,6.1,57.2,Needs Improvement
STU0922,22,Female,IT,1,62.3,4.9,58.8,94.3,88.7,3.94,15.3,9.6,4.1,59.4,Needs Improvement
STU0923,24,Female,EEE,4,79.7,25.4,32.0,95.5,96.5,5.19,1.9,5.9,2.2,59.9,Needs Improvement
STU0924,22,Female,EEE,4,48.5,5.0,71.9,46.4,59.9,2.15,7.0,7.9,0.1,38.0,Needs Improvement
STU0925,23,Male,ECE,1,74.3,19.75,33.8,26.5,94.5,8.18,16.7,4.5,6.1,45.6,Needs Improvement
STU0926,20,Male,CSE,4,51.1,36.4,89.8,59.1,66.7,3.37,1.3,5.5,6.7,44.7,Needs Improvement
STU0927,22,Male,CIVIL,4,56.7,7.6,69.0,24.6,63.1,2.35,18.8,8.6,9.9,39.0,Needs Improvement
STU0928,24,Female,CSE,1,53.1,32.9,32.6,94.4,56.4,7.23,19.7,7.2,6.1,54.5,Needs Improvement
STU0929,22,Male,MECH,3,51.0,21.8,97.0,30.6,36.7,5.965,1.8,9.6,11.0,54.7,Needs Improvement
STU0930,22,Male,MECH,1,89.5,3.1,59.0,36.5,20.3,8.51,5.8,6.6,7.5,46.7,Needs Improvement
STU0931,22,Male,IT,4,57.1,38.2,25.8,49.6,39.3,5.95,7.4,9.2,10.1,37.5,Needs Improvement
STU0932,19,Male,ECE,3,95.6,9.9,70.1,47.6,60.8,3.64,15.5,6.7,1.8,51.3,Needs Improvement
STU0933,19,Male,ECE,2,98.2,34.4,40.3,82.5,50.4,7.9,11.9,9.9,10.3,57.7,Needs Improvement
STU0934,20,Male,ECE,3,74.3,6.8,84.3,53.8,55.9,7.6,12.9,9.8,8.1,54.6,Needs Improvement
STU0935,18,Female,IT,4,48.6,34.2,85.4,29.5,98.5,3.97,15.2,6.0,2.0,43.6,Needs Improvement
STU0936,22,Female,MECH,3,69.55,0.5,98.3,37.7,48.0,9.23,2.4,9.3,2.3,56.4,Needs Improvement
STU0937,23,Male,CSE,1,87.9,19.75,60.1,58.3,56.2,2.83,16.7,9.1,11.1,44.2,Needs Improvement
STU0938,18,Male,IT,2,62.0,30.8,56.4,27.5,30.7,9.86,14.1,5.3,0.4,53.2,Needs Improvement
STU0939,23,Female,IT,2,45.2,37.4,80.3,67.0,23.8,8.88,11.5,7.7,5.6,63.9,Average
STU0940,18,Female,CSE,2,73.4,36.4,30.6,63.1,82.0,7.5,17.8,4.4,3.8,57.7,Needs Improvement
STU0941,20,Male,ECE,4,90.7,32.8,59.0,75.7,65.7,9.51,14.0,9.0,8.0,84.3,Good
STU0942,22,Male,CIVIL,4,87.8,35.5,63.7,94.7,80.9,7.78,4.0,5.0,10.1,69.6,Average
STU0943,22,Male,CSE,2,69.55,8.0,27.2,92.5,32.0,3.52,8.6,4.4,4.3,30.9,Needs Improvement
STU0944,21,Male,MECH,3,80.4,11.4,53.4,95.4,65.7,5.54,9.9,6.4,5.1,55.8,Needs Improvement
STU0945,23,Female,EEE,2,53.2,11.6,88.3,35.8,40.3,2.57,1.1,7.5,11.8,35.2,Needs Improvement
STU0946,18,Male,EEE,3,53.1,15.1,88.5,26.2,38.2,5.12,19.1,9.1,9.4,39.1,Needs Improvement
STU0947,18,Male,IT,3,92.4,15.7,27.9,40.7,20.9,7.93,2.6,9.8,10.8,45.9,Needs Improvement
STU0948,19,Male,EEE,4,55.0,21.8,27.3,91.1,30.4,5.09,13.9,6.6,5.3,42.8,Needs Improvement
STU0949,21,Male,CIVIL,3,55.8,6.4,41.0,97.6,44.7,4.64,10.1,4.4,2.8,49.3,Needs Improvement
STU0950,24,Female,ECE,2,40.0,27.6,90.0,88.0,29.4,6.76,0.5,8.5,4.9,49.2,Needs Improvement
STU0951,24,Female,MECH,4,92.2,6.7,30.3,24.4,98.9,8.98,18.5,7.4,8.6,57.8,Needs Improvement
STU0952,19,Female,CIVIL,1,87.6,12.4,77.6,95.5,44.7,2.38,17.0,6.7,1.3,45.2,Needs Improvement
STU0953,19,Male,MECH,1,77.6,20.1,28.1,51.0,30.4,5.08,10.5,5.9,3.2,40.6,Needs Improvement
STU0954,19,Male,MECH,4,85.0,31.9,69.9,15.8,35.9,3.27,4.6,7.0,0.6,38.3,Needs Improvement
STU0955,23,Female,ECE,2,49.1,29.6,48.5,52.6,67.0,7.56,2.4,6.0,5.2,53.9,Needs Improvement
STU0956,23,Male,IT,1,67.5,25.8,83.1,18.9,25.1,2.85,7.3,8.5,9.9,35.1,Needs Improvement
STU0957,20,Male,EEE,1,61.1,6.2,38.7,61.2,89.0,7.32,5.1,7.3,0.3,55.6,Needs Improvement
STU0958,20,Female,ECE,3,45.6,21.9,71.1,43.8,96.9,4.29,10.1,9.3,8.1,52.8,Needs Improvement
STU0959,19,Female,CIVIL,3,69.2,3.5,38.9,55.2,39.7,3.59,19.3,7.3,11.2,39.1,Needs Improvement
STU0960,21,Female,IT,2,95.2,15.1,77.1,67.1,56.0,9.49,11.5,5.4,2.8,67.3,Average
STU0961,18,Female,CIVIL,4,42.4,16.5,89.9,88.8,21.8,2.15,17.8,9.1,8.3,46.3,Needs Improvement
STU0962,23,Male,IT,2,57.5,1.6,30.1,71.3,71.3,5.5,13.0,7.3,11.7,52.7,Needs Improvement
STU0963,21,Male,CIVIL,4,52.5,11.0,89.3,51.9,53.1,2.17,9.5,5.2,11.5,42.4,Needs Improvement
STU0964,22,Female,ECE,1,54.3,38.2,67.5,84.7,41.6,5.87,17.1,7.7,2.8,56.2,Needs Improvement
STU0965,23,Male,IT,3,94.5,38.1,30.2,92.0,36.5,6.01,9.4,6.1,1.2,64.6,Average
STU0966,23,Female,IT,2,68.1,14.1,54.2,25.2,72.3,4.57,17.4,9.1,1.8,45.6,Needs Improvement
STU0967,20,Female,MECH,2,68.0,1.7,32.9,60.2,53.3,3.06,5.8,6.7,8.4,31.0,Needs Improvement
STU0968,18,Male,MECH,4,85.6,7.2,76.0,39.2,34.4,5.01,2.6,8.4,8.7,43.9,Needs Improvement
STU0969,18,Female,CSE,4,49.3,15.7,80.7,19.0,75.1,7.38,17.1,4.6,8.1,40.5,Needs Improvement
STU0970,24,Male,CIVIL,2,69.2,37.9,28.5,71.8,65.2,8.26,11.7,6.4,4.0,47.3,Needs Improvement
STU0971,24,Male,MECH,4,65.8,5.6,60.5,88.3,88.7,6.25,17.8,9.9,2.0,55.6,Needs Improvement
STU0972,24,Male,CSE,2,75.8,30.5,59.0,28.8,29.4,6.72,18.8,8.9,7.0,51.9,Needs Improvement
STU0973,24,Male,MECH,2,100.0,4.3,94.9,84.1,82.9,3.6,1.1,5.0,5.8,59.1,Needs Improvement
STU0974,22,Female,CIVIL,2,86.2,39.3,61.1,87.5,73.9,4.3,10.0,5.7,8.7,50.5,Needs Improvement
STU0975,22,Male,IT,1,63.9,15.3,96.0,92.7,29.2,3.3,7.5,6.0,5.3,40.0,Needs Improvement
STU0976,23,Female,EEE,4,89.7,31.0,62.9,37.5,75.6,3.99,12.5,7.9,4.1,57.2,Needs Improvement
STU0977,19,Female,CIVIL,3,50.2,13.7,51.5,91.8,55.3,3.8,15.9,8.5,3.5,49.0,Needs Improvement
STU0978,20,Female,ECE,3,41.8,25.1,87.9,42.3,95.6,6.16,5.6,8.5,2.5,63.9,Average
STU0979,20,Female,MECH,4,52.3,7.7,59.4,61.9,31.3,6.5,11.1,7.1,3.2,55.2,Needs Improvement
STU0980,24,Male,MECH,2,60.4,5.8,57.8,19.3,71.4,5.965,14.2,8.9,1.1,57.2,Needs Improvement
STU0981,23,Male,IT,3,70.6,37.5,59.2,18.7,50.6,3.56,2.7,6.6,4.2,40.9,Needs Improvement
STU0982,21,Female,ECE,3,76.9,36.7,87.7,76.2,96.5,7.13,16.3,4.7,0.4,68.3,Average
STU0983,19,Female,IT,4,94.6,35.5,86.6,52.8,46.4,8.54,12.1,7.4,2.2,70.1,Average
STU0984,23,Male,ECE,3,70.6,25.0,52.3,36.8,97.0,6.48,19.0,9.7,9.0,51.1,Needs Improvement
STU0985,19,Female,EEE,2,70.1,32.3,46.7,31.2,92.1,4.04,6.8,8.8,3.9,43.3,Needs Improvement
STU0986,19,Male,MECH,4,43.0,2.8,59.4,71.9,41.6,4.1,2.2,7.5,8.0,30.4,Needs Improvement
STU0987,19,Female,MECH,2,42.1,13.4,65.8,15.0,84.3,2.31,10.1,7.9,8.6,32.4,Needs Improvement
STU0988,23,Male,EEE,3,73.1,12.5,39.1,83.5,99.6,4.44,1.7,9.6,7.0,58.2,Needs Improvement
STU0989,24,Female,CSE,3,66.3,25.4,83.5,21.7,40.2,7.96,19.4,6.6,11.5,55.8,Needs Improvement
STU0990,20,Female,IT,2,90.4,14.2,58.9,31.3,54.9,2.38,0.8,6.0,0.3,40.8,Needs Improvement
STU0991,20,Male,EEE,1,49.6,5.9,46.7,47.8,61.6,3.75,15.1,9.9,8.9,32.9,Needs Improvement
STU0992,24,Female,IT,3,41.5,23.9,28.5,56.2,43.6,7.65,10.5,9.2,11.5,49.1,Needs Improvement
STU0993,19,Female,CIVIL,1,66.9,32.6,39.1,45.2,21.2,8.26,7.4,5.9,10.3,47.3,Needs Improvement
STU0994,21,Male,MECH,3,54.2,15.3,95.9,42.3,37.6,5.64,1.3,6.8,2.0,48.1,Needs Improvement
STU0995,18,Female,IT,1,43.0,5.3,44.4,96.9,42.6,7.58,12.4,6.5,3.9,46.4,Needs Improvement
STU0996,23,Male,ECE,1,83.5,7.9,33.5,69.5,55.5,5.1,11.7,4.9,2.1,58.2,Needs Improvement
STU0997,18,Male,IT,1,46.7,9.5,56.9,17.0,33.7,3.28,5.6,9.7,7.2,33.9,Needs Improvement
STU0998,24,Female,CIVIL,2,76.5,12.0,44.6,51.6,89.9,5.19,18.2,6.4,8.5,51.7,Needs Improvement
STU0999,21,Female,MECH,1,56.9,25.7,22.8,89.4,76.4,6.64,6.1,9.3,3.8,51.4,Needs Improvement
STU1000,23,Female,EEE,1,50.4,24.0,45.9,40.6,26.8,9.58,9.0,5.1,6.5,49.8,Needs Improvement
STU1001,24,Female,CIVIL,1,62.8,27.8,63.5,23.0,72.0,2.55,10.9,7.3,8.3,37.4,Needs Improvement
STU1002,19,Female,MECH,3,88.1,14.5,64.1,79.5,72.3,6.06,2.0,4.1,5.1,62.2,Average
STU1003,20,Female,IT,1,63.5,33.0,48.5,66.5,96.5,4.63,18.6,8.6,10.2,58.3,Needs Improvement
STU1004,18,Female,CSE,3,85.0,8.2,55.8,63.5,20.2,6.07,7.5,7.5,9.3,39.8,Needs Improvement
STU1005,22,Male,CSE,1,47.5,18.8,97.2,19.6,39.8,5.965,1.6,7.8,0.8,32.7,Needs Improvement
STU1006,22,Female,ECE,1,86.4,32.0,50.2,26.9,94.2,4.5,7.7,4.3,7.5,49.7,Needs Improvement
STU1007,21,Male,MECH,2,54.2,7.2,40.7,67.9,94.6,8.56,12.0,5.3,2.8,54.7,Needs Improvement
STU1008,19,Female,CSE,3,80.6,4.4,39.5,32.7,77.6,6.43,10.3,4.4,6.7,48.7,Needs Improvement
STU1009,18,Female,EEE,1,73.9,35.3,56.6,57.8,81.3,5.6,13.9,5.7,11.5,50.4,Needs Improvement
STU1010,19,Male,MECH,3,69.55,13.7,80.8,61.3,27.3,4.28,1.1,7.8,10.5,42.0,Needs Improvement
STU1011,18,Female,EEE,3,63.2,27.4,36.5,39.1,61.1,4.38,5.7,7.4,4.9,32.7,Needs Improvement
STU1012,21,Female,EEE,4,44.0,1.0,76.7,95.6,38.5,5.06,16.4,7.7,3.5,54.0,Needs Improvement
STU1013,21,Male,CSE,2,69.55,27.6,21.7,86.6,34.5,8.68,1.6,7.3,2.8,56.7,Needs Improvement
STU1014,22,Female,MECH,2,89.6,12.6,53.5,76.4,84.8,9.74,17.1,5.6,6.4,71.2,Average
STU1015,19,Female,IT,2,69.55,2.2,82.1,21.6,30.8,5.51,1.8,5.5,1.4,44.7,Needs Improvement
STU1016,23,Female,CIVIL,4,86.5,24.4,47.1,24.0,57.5,5.15,16.7,4.8,6.6,24.1,Needs Improvement
STU1017,22,Male,CSE,4,54.1,9.6,65.1,56.9,95.1,8.77,7.2,9.1,0.0,64.6,Average
STU1018,19,Female,CSE,2,60.7,15.5,36.4,28.7,34.9,5.42,12.2,7.7,3.9,30.7,Needs Improvement
STU1019,22,Female,IT,4,41.8,3.2,79.4,98.2,98.2,6.42,3.1,5.1,2.6,52.1,Needs Improvement
STU1020,23,Female,MECH,4,97.7,5.9,24.2,28.5,99.5,3.85,1.3,5.1,11.7,27.9,Needs Improvement
STU1021,20,Female,MECH,4,80.1,11.9,88.2,56.4,64.4,7.95,4.3,9.2,8.7,50.0,Needs Improvement
STU1022,20,Male,EEE,2,96.0,3.6,35.9,46.0,33.6,6.26,2.6,8.5,4.2,47.0,Needs Improvement
STU1023,20,Male,IT,2,55.9,36.4,90.0,69.3,45.3,8.47,6.2,8.0,1.1,62.2,Average
STU1024,20,Female,IT,2,76.7,0.2,48.2,26.0,54.0,8.25,10.3,6.4,6.2,39.0,Needs Improvement
STU1025,24,Female,MECH,4,80.7,19.4,77.8,51.6,44.7,3.72,11.8,5.6,2.6,48.1,Needs Improvement
STU1026,18,Male,EEE,2,59.1,4.9,45.5,38.3,42.5,7.73,15.8,9.9,6.4,40.0,Needs Improvement
STU1027,24,Male,CSE,4,90.9,12.3,92.5,90.5,97.8,8.4,13.1,8.8,10.0,77.2,Good
STU1028,24,Female,ECE,1,96.8,37.0,30.1,18.4,32.3,4.77,12.2,5.8,7.4,46.2,Needs Improvement
STU1029,24,Male,CIVIL,4,93.1,6.5,34.3,92.7,78.7,3.38,8.2,9.1,7.6,48.9,Needs Improvement
STU1030,20,Female,CSE,3,84.3,38.6,59.4,85.8,20.0,2.02,9.5,8.6,6.5,54.2,Needs Improvement
STU1031,23,Male,MECH,2,56.6,8.2,26.6,40.3,67.7,5.61,8.3,5.8,11.1,44.2,Needs Improvement
STU1032,21,Male,CIVIL,2,56.9,29.7,35.7,82.1,93.3,4.82,16.8,6.6,11.2,50.7,Needs Improvement
STU1033,21,Male,ECE,3,97.8,21.9,95.5,17.7,43.0,6.44,4.6,5.1,6.2,60.6,Average
STU1034,18,Male,ECE,4,40.6,35.4,98.1,97.2,34.8,3.5,0.1,4.7,3.7,51.4,Needs Improvement
STU1035,20,Female,EEE,1,83.0,22.2,50.1,59.8,72.1,8.88,13.0,8.3,5.5,51.5,Needs Improvement
STU1036,20,Male,CIVIL,3,82.4,21.4,93.9,40.8,77.0,4.06,4.0,5.6,2.2,45.4,Needs Improvement
STU1037,20,Male,EEE,3,77.4,7.8,63.6,45.8,75.0,3.81,17.8,8.9,7.6,41.6,Needs Improvement
STU1038,22,Female,CSE,4,99.4,6.6,41.6,20.6,45.5,5.85,17.2,10.0,6.0,45.3,Needs Improvement
STU1039,19,Male,IT,2,58.7,36.7,76.2,99.1,40.2,5.99,1.5,4.5,1.2,55.9,Needs Improvement
STU1040,22,Male,IT,4,69.55,13.1,72.7,18.3,96.5,3.72,2.1,6.8,2.4,40.1,Needs Improvement
STU1041,19,Female,IT,3,44.7,14.9,99.1,70.7,93.9,4.17,9.9,8.8,5.8,49.1,Needs Improvement
STU1042,20,Male,CIVIL,3,66.6,30.4,41.2,52.6,56.6,3.36,12.2,8.7,10.7,37.3,Needs Improvement
STU1043,20,Female,IT,2,55.7,13.6,73.8,95.7,87.7,7.75,5.5,8.6,6.8,71.7,Average
STU1044,22,Female,CSE,2,60.6,38.1,24.2,35.9,56.2,8.16,14.3,6.1,8.2,49.4,Needs Improvement
STU1045,22,Female,EEE,2,90.1,29.5,29.1,60.2,54.0,5.7,11.9,6.7,4.1,47.6,Needs Improvement
STU1046,19,Female,CIVIL,4,96.1,23.9,20.3,56.0,32.5,7.71,6.5,7.6,6.9,56.4,Needs Improvement
STU1047,21,Male,EEE,2,51.1,35.2,100.0,74.7,54.1,7.89,0.5,9.8,5.4,65.9,Average
STU1048,19,Female,CIVIL,3,62.4,2.0,84.2,20.8,63.0,3.11,15.0,6.0,7.9,37.5,Needs Improvement
STU1049,22,Male,EEE,3,95.7,10.3,82.9,31.5,21.8,5.965,4.3,9.5,0.6,66.0,Average
STU1050,23,Male,ECE,1,43.7,18.6,60.8,33.2,55.5,8.57,16.7,5.6,5.9,47.7,Needs Improvement
STU1051,22,Male,EEE,4,45.5,9.1,44.0,77.7,82.5,3.64,8.4,9.9,3.6,50.9,Needs Improvement
STU1052,23,Male,IT,1,49.8,29.8,32.1,31.1,74.4,3.49,11.5,8.0,3.9,42.1,Needs Improvement
STU1053,18,Male,ECE,3,75.7,36.8,59.0,63.7,70.8,3.01,17.5,6.8,11.5,43.8,Needs Improvement
STU1054,22,Male,EEE,1,49.0,17.0,59.0,33.3,92.8,3.11,17.3,7.7,2.2,33.4,Needs Improvement
STU1055,18,Male,CIVIL,3,98.1,13.7,80.5,88.2,21.4,7.99,7.4,5.6,3.7,64.2,Average
STU1056,21,Male,CIVIL,1,66.8,38.5,63.2,95.1,64.6,5.76,4.2,5.6,6.1,66.2,Average
STU1057,19,Male,CIVIL,2,70.1,17.8,26.2,59.1,83.0,8.26,15.5,4.7,10.4,55.9,Needs Improvement
STU1058,23,Male,MECH,1,54.8,19.6,21.4,44.9,63.3,7.97,8.7,4.7,5.0,55.0,Needs Improvement
STU1059,19,Female,CSE,2,68.3,14.1,28.2,34.9,45.9,6.84,3.8,6.1,8.9,38.3,Needs Improvement
STU1060,18,Female,CIVIL,2,79.7,36.4,52.8,19.2,30.9,7.49,18.1,8.6,10.3,50.6,Needs Improvement
STU1061,23,Female,ECE,4,85.1,22.8,94.7,37.8,91.0,2.15,4.0,7.6,3.7,44.9,Needs Improvement
STU1062,19,Male,CIVIL,2,85.2,30.5,71.0,70.6,57.7,4.49,0.5,4.6,4.7,55.7,Needs Improvement
STU1063,22,Female,MECH,2,74.7,32.5,84.1,60.4,90.2,7.1,0.4,9.1,4.3,70.6,Average
STU1064,20,Female,IT,1,94.3,13.7,57.3,95.2,66.9,2.07,12.4,7.6,10.0,53.8,Needs Improvement
STU1065,18,Female,ECE,3,89.0,17.3,48.9,48.7,73.9,2.26,13.2,9.8,0.5,45.7,Needs Improvement
STU1066,19,Male,MECH,4,85.4,33.9,28.7,74.0,84.3,8.82,6.2,8.0,3.7,63.0,Average
STU1067,18,Male,IT,2,43.3,14.5,90.1,56.6,72.7,7.47,6.4,5.1,8.2,50.3,Needs Improvement
STU1068,24,Male,ECE,4,40.4,31.8,82.7,58.6,51.8,4.12,6.8,6.8,6.8,46.2,Needs Improvement
STU1069,18,Male,EEE,1,52.7,37.6,33.4,37.8,61.1,7.5,13.6,7.9,5.2,42.4,Needs Improvement
STU1070,23,Female,CSE,2,79.8,24.9,61.0,53.7,84.2,8.34,1.2,4.2,6.5,58.3,Needs Improvement
STU1071,24,Female,CSE,1,64.7,29.7,59.0,55.0,49.9,4.45,18.6,4.1,2.4,38.3,Needs Improvement
STU1072,23,Female,MECH,4,64.1,32.2,70.0,75.1,51.0,2.29,4.5,4.8,5.2,40.1,Needs Improvement
STU1073,20,Female,IT,1,93.1,33.8,95.7,95.0,27.7,9.46,20.0,5.5,6.0,77.6,Good
STU1074,24,Male,CSE,4,93.7,15.8,66.4,43.0,93.2,4.76,3.4,6.6,10.8,53.9,Needs Improvement
STU1075,22,Male,IT,1,94.6,2.1,63.2,18.6,27.3,2.85,15.4,6.9,3.1,33.7,Needs Improvement
STU1076,18,Male,IT,4,58.8,16.1,24.0,57.2,71.9,5.93,4.5,4.8,10.4,43.0,Needs Improvement
STU1077,19,Female,MECH,3,69.55,27.0,25.0,61.3,53.1,8.15,1.6,8.0,7.7,54.6,Needs Improvement
STU1078,21,Male,MECH,1,56.3,18.0,35.0,29.3,52.4,3.77,17.5,7.6,0.2,39.1,Needs Improvement
STU1079,18,Male,MECH,1,51.4,30.0,22.6,79.6,74.4,4.16,17.2,5.8,8.7,46.3,Needs Improvement
STU1080,18,Female,CSE,3,51.1,14.3,79.5,98.7,25.4,3.94,8.1,4.1,0.4,44.7,Needs Improvement
STU1081,20,Female,MECH,3,60.5,25.4,77.9,95.4,67.5,9.93,14.0,4.5,12.0,55.8,Needs Improvement
STU1082,22,Male,CSE,1,65.8,7.5,30.9,31.8,81.8,3.58,11.1,6.4,10.5,29.1,Needs Improvement
STU1083,21,Male,MECH,3,69.55,30.0,86.9,89.4,86.3,6.6,17.1,4.9,3.6,68.8,Average
STU1084,24,Male,CIVIL,2,47.2,21.8,32.4,74.9,33.6,9.4,6.3,6.3,3.1,59.6,Needs Improvement
STU1085,24,Male,IT,4,84.1,19.75,44.1,53.6,91.8,5.965,10.5,7.8,4.6,46.4,Needs Improvement
STU1086,24,Male,MECH,4,71.9,11.7,39.9,61.0,72.5,9.77,9.7,7.3,4.3,62.2,Average
STU1087,23,Male,ECE,4,57.3,29.9,49.8,87.2,90.5,9.58,7.1,5.4,4.5,62.9,Average
STU1088,23,Female,IT,2,69.6,19.3,40.4,55.8,58.8,9.08,17.8,6.1,3.8,55.9,Needs Improvement
STU1089,19,Female,IT,3,58.0,19.75,59.1,46.7,63.4,3.72,3.3,7.7,7.5,40.8,Needs Improvement
STU1090,21,Female,MECH,3,75.8,38.7,52.6,56.9,93.5,7.07,3.0,9.2,2.0,58.2,Needs Improvement
STU1091,24,Male,EEE,1,66.0,28.6,98.9,64.2,92.0,8.09,11.5,8.5,10.2,61.1,Average
STU1092,23,Female,MECH,3,49.9,38.3,24.5,31.1,55.9,9.89,13.1,7.3,9.7,48.5,Needs Improvement
STU1093,19,Male,IT,1,47.0,17.1,31.4,91.6,42.0,3.44,3.9,6.2,5.7,45.1,Needs Improvement
STU1094,22,Male,ECE,2,72.8,19.0,24.2,72.3,51.5,8.13,7.8,6.2,10.2,47.0,Needs Improvement
STU1095,19,Female,IT,4,94.1,35.9,70.1,68.8,51.0,5.965,18.9,9.3,3.0,57.0,Needs Improvement
STU1096,23,Male,ECE,4,60.6,21.0,24.4,23.5,42.9,3.41,4.9,4.2,0.2,39.1,Needs Improvement
STU1097,20,Male,CSE,4,84.0,28.3,86.9,66.4,41.5,5.37,13.4,9.9,7.4,54.3,Needs Improvement
STU1098,20,Female,CIVIL,3,79.5,10.1,61.0,25.3,88.9,8.35,14.8,8.0,5.5,54.8,Needs Improvement
STU1099,24,Female,IT,1,95.9,17.9,62.2,21.7,25.6,5.72,9.0,8.1,6.8,43.5,Needs Improvement
STU1100,20,Female,MECH,1,89.3,4.9,64.9,59.8,74.2,6.3,18.8,4.2,10.8,51.1,Needs Improvement
STU1101,24,Male,CSE,2,74.0,8.2,33.7,49.2,33.8,9.96,14.7,7.6,11.6,58.3,Needs Improvement
STU1102,24,Female,CIVIL,3,79.4,0.0,35.8,65.0,47.6,5.19,9.2,6.9,7.6,44.9,Needs Improvement
STU1103,23,Female,MECH,2,93.9,1.6,45.5,22.6,24.9,5.965,11.4,4.6,9.2,32.0,Needs Improvement
STU1104,20,Male,EEE,1,64.0,39.1,67.5,51.6,41.6,4.92,13.9,5.7,1.0,58.4,Needs Improvement
STU1105,24,Female,MECH,1,59.6,9.7,36.8,29.9,81.5,5.14,11.8,9.3,1.9,43.9,Needs Improvement
STU1106,21,Female,ECE,4,40.6,26.5,59.0,98.9,90.8,7.57,17.6,7.3,8.8,55.9,Needs Improvement
STU1107,22,Female,ECE,3,89.6,33.6,97.6,62.7,37.7,9.5,7.1,6.5,5.2,75.9,Good
STU1108,19,Male,EEE,1,88.1,22.0,21.8,73.4,57.1,6.34,6.0,4.4,5.4,47.2,Needs Improvement
STU1109,19,Male,CSE,4,46.3,6.1,84.2,42.7,57.6,8.15,4.3,8.3,3.7,62.5,Average
STU1110,23,Male,CIVIL,3,74.6,29.1,83.0,23.1,89.9,2.71,0.8,8.2,7.3,45.7,Needs Improvement
STU1111,20,Male,MECH,2,67.8,24.0,43.8,97.9,81.0,3.69,0.9,7.7,2.2,59.7,Needs Improvement
STU1112,20,Female,ECE,3,47.1,29.3,30.9,39.3,61.0,6.02,17.4,7.1,7.5,57.4,Needs Improvement
STU1113,24,Male,CSE,3,98.8,30.8,31.7,51.0,73.7,5.965,13.6,6.6,2.1,45.2,Needs Improvement
STU1114,18,Male,EEE,1,52.9,39.0,75.8,70.2,87.8,4.02,13.2,7.6,0.8,56.5,Needs Improvement
STU1115,24,Female,IT,1,44.0,22.9,71.4,17.1,20.8,6.14,12.3,5.4,4.0,34.6,Needs Improvement
STU1116,22,Female,ECE,3,75.7,13.7,82.6,83.9,52.2,2.12,17.0,9.6,2.8,50.3,Needs Improvement
STU1117,21,Female,EEE,1,84.3,25.9,95.0,60.6,92.6,4.12,9.6,7.5,10.7,51.5,Needs Improvement
STU1118,19,Male,MECH,1,41.9,2.7,75.4,38.6,79.2,6.11,17.4,5.9,0.7,47.4,Needs Improvement
STU1119,24,Male,CIVIL,1,79.5,35.9,32.5,20.2,63.4,6.59,7.2,6.7,2.1,61.9,Average
STU1120,18,Male,ECE,4,71.9,4.8,39.5,28.8,62.4,9.41,18.5,8.8,6.6,50.8,Needs Improvement
STU1121,18,Female,ECE,4,46.2,13.1,59.0,91.1,47.8,7.16,14.0,5.0,5.8,56.1,Needs Improvement
STU1122,24,Female,MECH,3,50.4,32.6,36.7,73.3,61.6,5.32,5.1,5.8,0.6,49.5,Needs Improvement
STU1123,23,Male,IT,1,74.1,23.9,25.8,36.2,72.4,9.44,11.3,8.1,0.1,54.0,Needs Improvement
STU1124,19,Female,CSE,4,57.8,15.7,76.3,20.6,53.5,8.28,10.7,5.9,11.9,52.7,Needs Improvement
STU1125,23,Female,CIVIL,3,96.3,18.9,52.2,73.7,77.1,3.6,2.8,8.8,7.9,51.2,Needs Improvement
STU1126,21,Female,ECE,1,89.1,34.2,93.6,63.7,88.9,3.05,11.8,4.8,4.4,65.6,Average
STU1127,18,Male,CIVIL,2,99.0,13.6,72.0,49.4,32.4,7.41,6.3,8.6,5.6,54.1,Needs Improvement
STU1128,18,Female,ECE,1,55.6,34.8,27.2,45.9,56.1,6.48,1.0,4.4,3.2,44.8,Needs Improvement
STU1129,22,Female,CIVIL,1,98.2,3.5,95.8,33.4,52.6,8.32,19.0,4.1,4.1,53.9,Needs Improvement
STU1130,21,Male,EEE,4,65.9,19.75,40.7,71.9,75.0,7.91,12.8,9.4,7.8,56.7,Needs Improvement
STU1131,18,Male,ECE,3,60.9,33.9,47.0,97.5,40.0,7.0,17.5,7.5,10.6,47.8,Needs Improvement
STU1132,21,Female,CIVIL,3,43.0,7.3,52.2,29.9,71.2,9.89,13.5,6.1,2.2,41.6,Needs Improvement
STU1133,19,Female,CSE,4,43.2,17.2,24.1,65.8,90.2,6.27,7.1,5.4,10.1,48.6,Needs Improvement
STU1134,20,Male,EEE,1,69.55,6.6,59.7,51.1,53.5,2.9,10.3,7.7,1.5,34.5,Needs Improvement
STU1135,18,Male,EEE,2,67.5,28.3,29.9,53.0,92.9,8.63,13.5,7.1,2.6,60.4,Average
STU1136,22,Female,CSE,1,53.6,21.4,52.1,36.6,99.5,4.01,19.2,9.9,0.4,44.3,Needs Improvement
STU1137,19,Female,CIVIL,1,76.8,25.4,48.1,85.1,28.5,8.22,5.1,9.9,1.7,65.9,Average
STU1138,24,Female,MECH,2,55.2,7.9,81.8,56.2,38.6,5.965,17.5,7.8,11.0,47.5,Needs Improvement
STU1139,21,Female,CSE,4,74.7,8.5,84.3,61.2,96.0,7.57,18.5,6.7,5.5,65.2,Average
STU1140,24,Male,CIVIL,3,61.6,1.7,59.0,40.9,96.7,6.77,13.4,6.9,0.9,49.8,Needs Improvement
STU1141,23,Female,CSE,4,89.4,12.9,49.3,30.5,27.8,5.68,18.6,8.1,11.5,42.2,Needs Improvement
STU1142,19,Female,CSE,4,89.2,22.4,49.9,22.3,21.2,4.92,8.0,4.6,10.5,42.8,Needs Improvement
STU1143,24,Male,ECE,1,68.6,34.3,32.1,75.7,32.9,4.82,19.1,6.0,9.1,45.7,Needs Improvement
STU1144,18,Female,CIVIL,3,61.0,26.7,83.9,31.7,99.7,7.09,14.1,4.5,11.2,41.9,Needs Improvement
STU1145,21,Male,MECH,3,61.8,17.4,76.6,73.7,34.4,8.01,0.8,4.4,2.6,60.8,Average
STU1146,20,Female,ECE,4,88.3,38.1,35.2,48.2,60.2,5.965,18.1,5.2,10.0,54.0,Needs Improvement
STU1147,19,Female,CSE,2,59.7,28.8,49.3,50.3,87.9,3.59,9.7,6.9,8.3,43.2,Needs Improvement
STU1148,18,Male,IT,4,52.5,37.2,28.5,54.9,21.6,5.95,9.2,8.7,10.4,37.3,Needs Improvement
STU1149,22,Male,CSE,2,45.1,21.1,70.3,46.3,68.4,8.33,11.3,6.9,9.6,51.5,Needs Improvement
STU1150,23,Female,CSE,3,69.55,10.4,29.7,23.6,42.2,5.81,3.0,6.0,4.2,44.6,Needs Improvement
STU1151,21,Female,CIVIL,4,68.9,2.1,98.9,41.3,89.0,6.29,9.4,4.5,9.3,48.5,Needs Improvement
STU1152,19,Female,CIVIL,1,90.5,29.0,82.5,71.4,42.7,8.17,16.6,7.3,3.1,57.4,Needs Improvement
STU1153,19,Male,ECE,4,53.3,4.9,51.2,71.6,74.9,7.29,0.3,5.6,3.9,46.2,Needs Improvement
STU1154,20,Female,MECH,3,62.9,12.1,66.3,39.3,73.9,5.27,5.5,7.7,1.3,48.6,Needs Improvement
STU1155,20,Male,ECE,1,69.55,21.3,92.9,54.1,37.7,9.16,0.0,9.9,11.2,71.0,Average
STU1156,22,Male,EEE,1,89.4,22.6,64.3,31.4,22.8,3.3,8.3,4.7,3.5,51.0,Needs Improvement
STU1157,23,Female,CSE,2,63.1,24.0,34.0,32.9,52.7,9.96,14.6,5.3,6.2,54.7,Needs Improvement
STU1158,22,Male,IT,1,67.5,6.7,50.3,17.0,43.1,2.95,16.0,6.8,4.7,26.6,Needs Improvement
STU1159,18,Female,CSE,1,58.2,15.2,87.5,91.2,84.7,2.12,18.9,9.8,11.5,46.5,Needs Improvement
STU1160,18,Female,CSE,4,96.0,24.7,71.5,32.9,84.0,9.12,12.2,8.6,4.0,68.4,Average
STU1161,22,Female,ECE,3,47.1,38.8,59.0,34.3,56.6,3.96,5.1,9.4,9.3,49.8,Needs Improvement
STU1162,23,Female,IT,2,96.0,29.1,89.3,38.8,68.5,7.84,18.5,6.0,10.3,57.2,Needs Improvement
STU1163,22,Female,IT,4,81.0,36.9,91.5,25.8,68.3,8.49,15.5,10.0,5.2,69.7,Average
STU1164,23,Male,IT,1,71.9,30.5,93.6,69.3,86.2,8.87,11.5,4.6,4.5,68.9,Average
STU1165,23,Male,ECE,1,42.0,23.7,27.6,21.4,54.0,9.93,13.9,4.3,9.0,48.1,Needs Improvement
STU1166,24,Female,CSE,2,68.5,7.7,63.5,26.4,42.0,4.35,18.5,9.1,11.0,42.8,Needs Improvement
STU1167,21,Female,ECE,3,64.5,26.7,79.2,69.8,41.2,7.68,14.2,9.6,9.1,51.3,Needs Improvement
STU1168,23,Male,CIVIL,2,49.7,24.9,80.6,43.9,62.9,2.92,7.4,4.5,2.7,45.8,Needs Improvement
STU1169,20,Male,CIVIL,4,79.4,24.1,68.5,75.2,55.9,5.25,14.3,4.7,10.7,59.9,Needs Improvement
STU1170,23,Male,ECE,2,98.3,19.6,33.3,62.4,55.2,5.965,0.8,4.2,4.7,55.0,Needs Improvement
STU1171,23,Male,IT,1,73.7,21.1,83.8,36.8,27.3,4.94,7.7,4.6,6.9,39.6,Needs Improvement
STU1172,23,Female,CSE,4,82.9,13.4,77.6,70.3,77.5,6.73,8.1,5.3,10.0,60.9,Average
STU1173,24,Female,ECE,1,44.1,20.8,26.9,24.9,37.1,6.03,3.3,9.8,2.3,38.4,Needs Improvement
STU1174,24,Male,ECE,3,65.1,7.9,57.1,60.6,35.8,7.17,0.5,8.0,9.4,47.0,Needs Improvement
STU1175,18,Female,ECE,1,47.0,32.2,33.9,52.2,53.0,9.78,2.7,8.7,7.2,54.4,Needs Improvement
STU1176,24,Male,EEE,1,76.8,7.4,47.0,37.8,38.2,2.45,13.1,8.7,10.7,24.1,Needs Improvement
STU1177,20,Female,CIVIL,2,96.3,3.4,21.4,66.3,66.7,6.59,16.0,7.2,2.1,53.7,Needs Improvement
STU1178,20,Male,IT,1,79.7,17.4,52.0,89.1,49.7,8.9,19.8,8.8,5.0,71.8,Average
STU1179,24,Female,MECH,4,44.6,26.3,64.0,99.9,55.9,5.85,6.9,7.6,10.0,51.8,Needs Improvement
STU1180,22,Male,IT,4,61.3,17.5,69.6,66.7,63.0,2.63,12.0,5.9,0.2,42.8,Needs Improvement
STU1181,21,Male,MECH,3,73.0,11.1,73.1,49.4,36.3,6.48,18.7,7.4,1.3,52.7,Needs Improvement
STU1182,24,Female,EEE,4,64.2,22.3,86.9,34.1,32.5,4.66,3.3,7.2,11.9,56.8,Needs Improvement
STU1183,23,Male,ECE,2,90.0,13.9,37.2,36.9,90.4,3.24,14.4,8.9,3.4,49.1,Needs Improvement
STU1184,19,Female,EEE,3,88.9,37.3,29.6,55.8,54.7,8.79,15.1,9.9,11.7,56.0,Needs Improvement
STU1185,21,Female,EEE,4,76.7,36.9,88.1,46.2,53.0,6.17,1.8,6.5,2.2,58.3,Needs Improvement
STU1186,21,Male,CSE,2,62.4,20.1,32.5,92.7,22.8,9.47,17.2,8.6,4.3,64.9,Average
STU1187,20,Female,CIVIL,4,55.3,13.1,98.0,46.3,59.8,8.45,16.3,4.6,9.0,52.0,Needs Improvement
STU1188,21,Female,MECH,4,69.55,29.5,87.4,46.7,64.3,7.54,0.7,8.7,7.9,59.3,Needs Improvement
STU1189,24,Female,ECE,1,61.3,1.5,60.1,47.6,64.7,2.04,1.8,6.2,7.0,30.2,Needs Improvement
STU1190,23,Female,MECH,4,64.8,19.0,98.5,86.1,76.6,5.42,1.0,4.2,6.4,65.4,Average
STU1191,23,Female,IT,4,80.5,13.5,27.8,70.3,34.2,3.58,6.7,6.2,10.1,37.2,Needs Improvement
STU1192,18,Male,MECH,2,79.5,36.8,44.2,67.2,40.2,9.29,10.2,7.7,2.8,63.2,Average
STU1193,23,Female,IT,2,44.2,0.5,71.1,43.4,84.9,3.4,10.6,4.7,5.3,38.3,Needs Improvement
STU1194,23,Female,CIVIL,1,63.7,22.1,48.0,84.5,95.8,4.29,5.4,9.5,1.9,59.3,Needs Improvement
STU1195,20,Female,IT,4,50.9,29.6,94.3,18.3,30.9,6.13,18.2,4.5,7.2,44.0,Needs Improvement
STU1196,23,Female,MECH,1,49.4,19.4,25.3,89.0,59.8,4.11,7.4,9.6,3.0,57.4,Needs Improvement
STU1197,18,Female,MECH,4,89.6,3.4,64.0,58.6,37.1,5.965,0.9,8.2,4.0,52.3,Needs Improvement
STU1198,19,Male,IT,3,42.5,38.9,67.3,48.9,24.8,6.79,6.0,6.0,5.7,42.3,Needs Improvement
STU1199,24,Female,EEE,3,65.2,20.7,72.2,57.3,46.0,2.71,10.6,6.3,0.3,46.2,Needs Improvement
STU1200,20,Male,CIVIL,1,50.1,24.6,40.5,71.7,31.5,2.47,8.2,8.4,1.1,43.8,Needs Improvement
